feature1,feature2
0.541336141,-0.074794751
0.626000991,-0.572346316
-0.030819026,-0.716367745
-0.147079312,-0.478155999
-0.771144075,0.431074028
1.297212294,-0.202016147
0.573516229,-1.685252372
-0.406897242,-0.724558805
0.500665509,0.298606252
0.159715917,-0.068889607
-0.068949849,-0.750176638
3.20136367,3.796215473
0.025477139,-0.897114636
-2.547044127,4.213993352
0.209762054,0.462217011
0.462055348,0.466830272
-0.151870145,-0.05270441
-0.145820993,-0.870511404
0.95253182,-0.00738861
0.193083189,0.050433532
-0.339796521,-0.282158955
0.080779634,0.781702373
0.254212344,-1.622693308
0.36808274,-0.495602774
-0.078652644,0.138119926
0.75507971,-0.809661669
0.414347136,1.699274161
-0.321809201,-1.111701576
-4.129741354,-1.824855148
0.642992004,-0.753499199
-0.174845512,-0.335379258
0.047705938,1.168704831
0.577092015,0.086252208
-1.165233629,-0.283901644
0.588914752,-1.152583428
-0.448618515,-0.71610165
-0.015611733,-0.066797644
0.221997789,-0.235579559
0.120498366,-0.486158959
0.691355207,-0.194759194
0.663230821,-0.482303212
0.065527225,-0.439548006
0.217041507,-0.038803983
0.151280501,0.546169438
0.349228575,0.001885445
0.267100585,0.158942549
0.182240625,0.735660978
-0.155776266,0.028082671
-0.428851312,0.067727332
0.335285225,-0.353752849
-0.467563605,0.190912005
-2.7653245,0.06542841
1.82123977,-4.158972267
0.530350624,0.395648974
-0.005199935,-0.260469698
0.33478117,0.502209596
-0.507412954,-0.301165927
-0.545254334,0.500960352
-0.057480883,0.247925334
0.339854721,-0.19291575
-0.734183478,0.288239352
-0.425761292,0.211092304
-0.4555089,2.663425971
-0.448704752,0.668117545
0.415938893,0.003430599
-0.128325068,-0.019238329
0.039120578,0.188558149
-0.167031474,0.453829312
0.111455385,-1.446259911
-1.21878218,0.55746228
1.249692811,1.747890119
0.325042257,0.910469637
-0.58257492,0.450413243
0.361550247,0.012306063
-0.10388213,-0.33736701
0.081964286,0.048160678
2.930139849,0.566690706
0.147299706,-1.092839763
0.61069248,-0.096420914
0.128797985,-0.73824995
0.540527972,0.786165159
-0.007502544,-0.056705815
-0.930410587,0.300136827
-0.904845096,-0.929761803
0.458301436,-0.279967147
-0.346654447,-0.130256481
0.864165956,-0.475841777
-0.384958037,0.269624596
-0.077517904,0.033030131
-0.383481518,0.588030138
0.05953554,-0.606626165
2.580457033,-0.493081273
-0.056221878,0.448932087
-0.856957695,0.202540137
-0.878775875,-0.39156477
-0.22180137,-0.33501164
0.175890055,0.189617767
-0.375467491,0.638825893
-0.34254849,-0.354760505
0.04329159,0.709627523
-2.258332599,-0.562663934
0.261630869,-0.268791684
0.019883367,-0.783497355
-2.655207461,-4.092631776
-0.261309708,0.521488797
0.851504596,3.695191716
-0.275715709,-0.175036514
-0.100453767,0.061265659
0.250008348,-0.715898889
0.042168963,-0.148836626
-0.154790456,-0.25980212
0.473923377,0.049323182
-0.246730011,0.392840648
-0.359802194,-0.406496494
0.727903976,0.027746113
-0.310964079,0.081885223
0.444756777,0.770466488
-0.771460724,-0.200881871
0.456141014,0.619829249
0.07448319,0.5516618
0.436865523,-1.17441871
0.424938537,-0.247492855
0.568296429,0.35425997
-0.434538793,-0.229114577
-0.409373999,0.372915334
-0.789229312,-0.495381625
-0.3997112,0.120393755
-0.491788668,-0.280996856
-0.470772838,0.127357768
-0.912128328,0.151801952
0.092417957,0.362311912
0.053908144,-0.086776225
-0.425864599,0.9113618
0.38448387,0.303248834
0.373332859,0.464590905
0.954671313,0.831936562
0.733289358,0.42627597
0.868464803,-0.208917218
-0.124502248,-0.13432018
0.632538919,0.105748506
0.324020217,-0.191019061
0.529513627,-0.511282196
0.481479821,-0.03986345
0.57147681,-2.233806254
-0.269717555,-0.62814365
-0.165118947,-0.417403582
-0.1294527,0.855744494
-0.475258973,-0.231998212
-0.972851542,-0.456391747
0.71098778,0.228181682
-0.956900352,-1.142749724
0.194909509,1.593413272
0.031948096,-0.80366008
0.380852072,0.215942742
-0.4814938,-0.800477639
0.881726635,-1.050339797
-0.696007958,0.296102841
-0.17114228,-0.20214721
-0.266270397,0.263425221
-0.51508592,-0.33809811
-1.882510766,3.095532453
-0.558474777,-0.01764837
0.153136244,0.499574925
0.212377435,0.391113752
-0.264335329,-0.054001918
-0.543732756,-0.025769471
0.176299311,-0.268942375
-0.372377411,-0.413219269
0.41481492,0.20669251
0.23502219,-0.127163106
1.621932315,1.592742085
0.511105177,-0.208714728
0.216559365,-0.105094407
2.763151521,2.578322595
1.942725768,2.331868291
-0.472184245,0.119051574
-0.402649196,0.119376435
-0.434431273,0.328195375
-0.576207864,0.444115995
-0.254826091,-0.219037151
-0.826401821,0.532963409
0.60618164,-0.715707131
-0.180556567,0.304481171
0.143171844,0.304421917
-0.10017674,-0.857023058
-0.214681182,0.83384459
0.547083496,-0.547120477
-0.517397642,-0.388573755
-0.022691682,-0.02656917
-0.271430738,0.208025023
-1.514176287,-0.950021052
0.856362465,-0.343648511
-0.033281424,0.01616499
0.129398784,0.520119482
1.134877312,-0.727182837
0.44575766,0.392277667
-0.719427082,0.400650509
-0.025053729,0.215816926
-3.724699504,-0.650374358
-0.027444092,0.261278801
-0.099199448,0.04709615
-0.619387292,0.644716021
-0.654085559,0.92370701
0.048862484,0.29147684
-0.389091761,0.868387478
0.306990654,-0.288227326
1.745925914,-0.201099862
0.577513217,0.335195844
0.834625403,0.150994605
-0.406797999,-0.260820755
0.698680323,0.684923723
-0.357472219,-0.021726106
-0.090482213,0.161907052
0.087186524,-1.096841676
-0.549144716,0.286306677
0.19459742,-0.621472153
-1.164576867,2.4756358
0.933778995,-0.48863894
-0.100995978,-0.724412944
0.408698548,0.323307807
0.385702974,0.514719414
-0.017476011,-1.023196568
0.350891686,0.036642716
-0.361964352,-0.559814117
-2.572481822,-3.309314979
-0.846455724,0.02118057
-0.042965383,0.097146469
0.202303104,0.82512789
-0.139490803,0.264916892
0.029947342,-0.106261522
-0.294614493,-0.224232503
0.450948515,0.817740645
-0.446772699,-0.559262936
0.359227876,0.788096482
-0.081109224,0.384715089
-0.002889675,-0.035001183
0.195182472,0.794265346
0.043088421,1.095449007
-0.711819579,2.205255872
1.310286923,-0.373736589
-0.501632878,0.087314789
-0.664945931,-0.177747387
0.211290186,0.273740286
0.38541848,0.121584108
0.245006038,-0.627519488
-0.554738777,-0.27375905
0.215187082,-0.475995839
0.054373215,1.212127433
0.201312766,-0.887944
0.336003507,-0.310137792
-0.206901995,-0.548462486
-0.919783393,-0.105714307
-0.138411497,0.561952653
0.251398487,-0.610404431
-0.994634733,-0.770278986
-0.217576776,0.924631864
-0.840609108,-0.444485679
0.393163981,-0.233209548
0.46327915,0.27904094
-0.254337626,0.264219383
0.536318024,-0.569283935
0.352055511,-0.747839758
-0.041644198,0.801431815
-0.325828105,0.252407728
-0.566796413,0.498379821
-0.219089526,-0.002695829
0.12836567,-0.150712853
-1.765538084,-1.091256979
-0.0068246,-0.049172745
-0.759103353,0.559853863
0.148757177,0.022011138
-0.681772005,-0.429265473
-0.690215376,-0.267957281
0.197474094,-0.251944944
-0.824608487,0.699281046
0.715278408,-0.661704292
-0.827672019,0.07682223
0.166399109,0.506875274
-0.200042077,0.167178739
0.431353717,-0.323769013
-0.192607342,-4.388772881
0.00525001,0.892935247
-0.022556652,0.039560862
-0.022299696,0.130066452
-0.374845172,0.016404374
0.35232136,0.077795367
-0.390152203,0.135556398
0.464752556,0.291112296
0.685200071,-0.961193056
-0.082297366,0.207306759
-0.75998723,-0.108266436
-0.399956812,-0.11003789
0.434503171,0.092090632
0.432060666,-0.753231583
1.976746178,0.822587977
-0.300328779,0.77612159
-0.160629469,-0.24428311
0.913364235,-0.728082224
0.273784272,0.138405963
0.136055322,-0.231852224
0.594014896,0.158471306
0.646323011,0.757441147
-0.568082427,0.252650306
0.599023637,0.899206041
0.13520528,0.264599622
-0.225651519,0.132843987
0.015193066,0.382500989
0.803754171,-0.901205054
-0.509020938,-0.038927378
1.26318412,0.884960694
-0.028034249,1.08649796
-0.417259018,0.336435234
-0.745132694,0.748069818
1.298247641,0.202161456
0.067641266,-0.526388808
-0.048919166,-0.841250574
0.006874244,-0.922350582
-0.083805039,-0.796107942
-0.171708932,-0.423605089
-0.13745108,-0.068576543
-0.312622961,-0.368245586
-0.150239393,-0.177514366
-0.283219927,-0.153845639
0.165288378,0.474623237
0.283853814,-1.064622836
0.61514534,0.601189924
0.303555836,-0.524085203
0.393741815,-0.038609321
0.111921782,0.164811491
-0.499639235,0.187474181
0.114026663,0.100739973
0.282004268,-0.642276149
0.264463124,0.207981964
-0.39116216,0.158549083
-0.071789756,-0.191012724
1.007030077,-0.153382888
-0.9418228,0.019535254
0.11957279,0.698948131
-2.611620968,-0.206666018
-0.244914109,0.329401071
0.223215814,-0.57183901
-0.193387703,0.704886364
-0.390789261,0.68374173
0.120601982,0.563891815
-0.906351088,-0.062309009
-0.57867763,-0.156146126
-0.001209396,-0.065085193
-0.407637831,0.900606995
-0.809679991,-0.255520232
-0.047031225,0.198782608
-0.030492491,0.418758336
0.090261996,-0.400307695
-0.30047849,0.353235807
-0.439905365,1.107409737
0.113585976,-0.526864564
0.376995733,0.532657746
2.619988353,0.355854706
-1.762031801,-1.353378536
-0.39885138,0.234686113
0.04995253,0.640918222
0.468371232,0.706163853
0.042921553,-0.246963354
0.17348951,0.126015494
-0.33716633,0.015915279
-0.173980928,-0.676694429
-0.924565364,0.704976069
-0.25140835,1.20622684
0.051129993,-0.134456946
0.461605685,-1.904373618
0.415675529,0.243986341
0.26163833,-0.085773166
-0.234655368,0.437847839
0.118112745,-0.376291142
-0.108790009,-0.392657361
0.365209167,0.247446395
0.103608697,0.291784963
0.617691196,-0.121901899
-0.083624206,-0.374149281
1.074787267,-0.045121925
0.020035728,-0.163877459
-1.965536647,1.821697852
-0.666147733,0.945201852
-0.39497703,-0.77137897
0.627582604,-2.654328081
-0.437577374,-0.296760159
-0.470078296,-0.19826187
0.140511481,0.312304606
-0.231797987,0.240740737
0.000466999,-0.945679574
0.744677981,0.260651874
0.141339225,-0.546270407
-0.242105211,-0.163959028
0.235274456,-0.117902103
0.014561073,0.279773779
0.498696531,0.288233819
0.277523971,0.327962206
0.813008371,4.481386181
-0.418065063,0.90529088
0.125499058,0.527378963
-0.671596272,0.379019026
0.231170657,0.064927195
0.256458423,-1.270619404
-0.120668896,-0.439095171
-0.180492628,0.560064315
-0.077439405,-0.128875377
0.228707803,-0.482306007
-0.138969984,0.681871296
0.042626287,0.049710993
0.987049974,0.238904281
0.1595592,0.15363239
0.387511632,0.216418811
0.105568885,-0.13032557
0.824252005,-0.775007095
-0.219594761,0.090669215
-0.326204291,-0.195476688
-0.258759521,-0.48941493
0.473612136,-0.014647202
-0.243545716,0.449483697
-1.035761794,0.075618219
-4.635566155,-1.171707305
-0.203319485,-0.039628863
-0.650173416,-0.401925202
0.55849528,-0.136777889
0.268517274,-0.143417604
-0.43160411,-0.641251707
-0.898727902,-0.531716469
-0.364522329,0.0982787
-0.55219167,0.02608254
-0.021300964,0.194144407
0.904065905,0.218319237
-0.06797485,0.568445681
-0.499242322,-0.343109757
0.142139835,0.87133439
-0.453649182,0.025972698
-0.225590975,-2.721075404
0.516778639,-0.40432392
-0.200778772,-0.234238022
0.747039537,-0.102579132
-0.172098228,-0.126355336
-0.700685997,0.309945361
0.266599446,-1.932580136
0.31222366,0.027280692
0.302949174,-0.64512924
-0.074392422,-0.178087785
0.365829464,-0.032744188
-0.679890363,-0.020700406
-1.558428296,0.322226017
0.195604506,0.665413825
-1.060588222,-0.919423302
0.951309099,-0.387832054
-1.115768819,-0.050501259
0.338622958,-0.015955538
0.856152611,-0.39605751
-0.927175249,-2.291508818
-0.014264435,-0.162365133
-0.381953225,-0.76747905
0.517204943,-0.49810632
-0.086731949,-0.25501477
1.56120334,1.862020324
0.804522488,0.071508337
0.091876748,-0.383154826
-0.573805472,-0.179057038
0.777557016,0.306663113
0.350340055,0.348325327
-0.702981458,-0.295028823
-0.204927269,-0.226668716
0.359991865,-0.551453106
-0.844115014,-0.056232991
-0.328231837,-1.417277253
0.439702208,0.193631738
0.174788302,-0.116508229
0.37752484,-0.698267619
-0.859324938,-0.528478384
0.199737168,-0.244347358
1.676698469,-1.313139441
0.078071562,-0.278394872
-0.173725326,-0.290634238
-0.051609426,0.205299251
0.256418229,-0.163159231
-0.270523391,-0.045718866
-0.730866344,-0.341719883
0.366242649,0.953527921
0.834942173,-0.80542521
0.204372509,0.805749246
0.327087214,0.395273567
0.654334376,-0.012899279
0.010928679,0.021269537
0.106430694,0.78324894
0.526719874,-0.281703832
0.147889544,0.421294398
-0.140574839,0.589667637
-0.70807937,0.705310772
0.692630773,-0.151549127
0.826574916,-0.34965897
0.837750878,-0.145098066
-0.006306571,0.161213861
0.572631087,0.173247221
0.437916381,-0.057553734
0.134512037,0.262458932
-0.443452163,0.439151879
0.098385045,0.484811865
0.136950795,-0.104885291
-1.129987837,-0.446740547
-0.38539215,-0.24042267
0.40826744,0.001192599
2.331734175,1.569756441
1.076559896,0.234152454
0.121444911,-0.200417355
0.056424817,-0.306601906
-1.153478883,0.365796253
0.094851306,0.851285076
-0.516321551,-0.218374169
-0.292025274,-0.053221266
0.625646166,-0.67143331
0.548173423,-0.117107901
0.079595883,-0.494048344
0.662507026,0.102666282
-0.601621728,0.589015618
-5.514527667,1.512271678
-0.853135095,0.975387698
3.098271128,-1.453167026
0.187068999,0.655132302
-0.473744297,0.122221728
0.217492085,0.262451767
0.983381986,-0.098116982
0.53990981,-1.091433679
3.154789293,1.558243279
0.551846979,0.200265342
-0.148710631,0.110168042
0.800133909,-0.09441739
0.44420829,-0.555661656
-0.005028236,0.619003468
-0.303125674,0.305528942
-0.03516981,0.398897471
-0.065310198,0.700344517
-0.007428852,0.410702969
0.269164802,-0.071222709
0.022760988,0.316041302
-0.563420428,-0.180042059
3.529884437,1.695119049
-0.690705825,-0.30631928
0.880633064,0.377047832
0.171594055,-0.57206154
0.297650154,0.582075883
-0.009214525,-0.161644318
-0.253518316,-1.005391134
-0.04452106,-0.288698124
0.013881066,-0.212771106
-0.503516017,0.269499302
0.445983791,0.231936383
0.124673468,0.274275889
0.317142255,0.047501331
0.329877709,1.071702756
-0.639844587,-0.292715602
-0.020721341,0.68797079
0.670215159,0.17103742
-0.226902021,0.20163227
0.184444354,-0.14315914
-0.059293312,0.244185295
-0.392392365,-0.085061152
1.005628341,-0.022297713
-0.594429629,-0.253408177
-0.194321487,-0.323396008
0.338230366,-0.191004478
-0.792236782,0.422227153
-0.928741636,0.191299068
-0.166051139,-0.360715648
0.027585677,0.149488728
-0.019633996,-0.474466405
-2.057232923,0.399718993
-0.46665812,-0.017237523
-1.047301536,0.061860957
0.249363479,-0.36896589
-0.236173091,-0.199343925
0.250899877,-0.028049737
-0.064670435,0.046474968
0.366212005,-0.1876112
0.095725436,0.4402556
-0.033637804,-0.659197935
-0.073676832,0.529903147
-0.00668507,0.452071142
-0.18171889,0.38952561
0.285875996,-0.022937775
0.469415863,-1.358140155
-0.426292924,0.011479878
-0.755332087,0.286708095
0.578735538,-2.009167348
0.711491748,0.198043292
-0.546947528,0.102898402
2.014278238,2.323768782
-0.000208663,0.187077543
0.11979138,-0.184900583
3.656024741,1.351921948
0.06477726,-0.702983541
-0.72326735,0.400148975
-0.313649531,0.766997838
-0.036559823,-0.648689828
0.161678266,-0.684695562
-0.345215715,0.714446212
-0.527222912,-0.432816821
-0.938656409,0.544167605
-1.079034282,0.659275509
-4.389532912,-1.506432609
0.099437966,0.219987459
0.506137521,-0.021088556
0.294265008,0.543118259
-0.653260761,-0.486687984
-0.781007171,0.503053534
0.6960834,1.41288525
-1.683054768,-0.984856196
-0.620346641,0.055619329
0.630284423,-0.050196752
-0.952908937,-0.28404286
-0.44790788,0.274164065
-0.377621321,0.069580986
-0.750164188,-0.40925207
0.049081122,-0.587211221
0.108589816,0.039105591
0.652841759,-0.062699378
-1.919163116,1.326771778
0.684701076,-0.013572465
-0.549211126,-0.188632228
0.765466176,0.046223868
0.009395896,-0.296888724
-0.447733281,0.193451249
0.447630136,0.687482033
-0.877945292,0.225467231
0.439694971,0.317712263
-0.036036511,0.442057327
0.1423953,-0.154688796
0.813324781,-0.105719145
0.033258611,0.151235949
-1.082275711,0.572290595
-0.575214281,0.164557093
0.792410264,0.323983896
1.085582475,0.331037144
0.075023288,-0.733624666
-1.055183516,0.536411767
-0.161128201,-0.734432938
-0.598713848,0.743199627
0.123111381,-0.458992153
0.289260749,0.174827228
-0.067423025,0.034072079
-0.379967134,-0.23616162
-0.386355361,-0.582437674
-0.249508319,0.010675612
-0.162467479,-0.35565318
-0.08169946,-0.078151734
-0.674773178,-0.436658169
-0.741210014,-0.227272837
-0.192358926,0.280501444
-0.63016811,0.239306455
0.474266461,0.615638043
0.0007355,-0.383352427
-0.081631425,-0.230170657
0.231565165,0.139547882
-0.639192915,-0.360660162
0.065262013,-0.832286625
0.472738092,-0.68084554
0.071968617,-0.473862159
0.00195451,-0.730885662
-2.113875822,0.020208965
-0.061165578,1.882586927
-0.018453261,0.617032275
-0.569504097,-0.607200691
0.292925403,0.568194039
0.420324239,0.130553091
0.504298643,0.263798691
-0.84905291,0.193640238
-1.850185054,-0.01214283
-0.779062072,-0.434932738
0.049602431,0.788149486
-0.011711553,0.539597364
-0.026699479,0.110939787
0.003223436,0.205123822
-0.249105809,-0.215707171
-1.618787431,0.480862675
-0.54506375,-0.155333794
-0.492755369,-0.735917504
2.221020752,-1.708091781
0.19450107,-0.169727161
1.191572387,0.472239743
-0.04107198,-0.762450936
-0.134940567,0.63356547
0.44324577,-0.136065878
0.790485622,-1.87257699
0.304078214,0.557481161
0.101176582,-2.024639116
0.781623811,-0.463289849
-0.26624496,0.322527637
-0.188392055,-0.454516163
-0.527154773,-1.379463762
0.724322372,-0.278327254
0.123195988,-0.030303281
0.045333282,0.08706626
-0.406573141,-0.863141301
-0.298157019,-0.026283648
-0.260848262,0.388803641
-0.101190607,-0.704592391
0.305963596,-0.670748363
0.032028846,-0.531889983
-0.451035986,0.160499733
-0.502655936,0.050703573
0.398956598,-0.443439802
-0.154506485,-0.838001903
-0.724233432,-0.786398226
0.842896151,-0.824023103
0.306674583,0.921849988
-0.408746549,-0.700673647
-0.382851097,0.277893482
1.299933582,0.832724753
0.507368847,0.720151821
1.464548121,0.111429162
0.112790832,0.694572658
-2.480044502,1.357142348
-1.081832781,0.154261375
-0.09145249,0.448124213
0.336318359,0.129916248
-1.177416153,-2.224357855
0.346886576,-0.079786719
-0.437331261,-0.342200778
-0.098893726,-0.41888813
-0.778999264,-0.253517385
-0.182346772,0.078351928
-0.018737998,-0.121807071
0.476233313,0.0851047
-2.590475717,0.44662612
0.120028465,0.050079704
2.236024361,-0.73863872
0.848673241,-0.283301512
-0.629893672,0.014310252
0.408930916,0.119100096
-0.155443086,0.048700083
-0.171184022,-0.155152113
0.158664477,0.306340393
-0.082729632,0.596620568
-0.383163799,0.64075567
-0.060203319,-0.73965799
0.70142237,0.167922361
-0.284642834,0.294493192
0.700761708,0.079216923
3.030378932,-0.726109274
-0.382548584,-0.993330137
1.39873276,-1.556044305
-0.15867444,-0.088963673
-0.680754827,3.442388064
-0.323590716,0.236123575
0.365175895,0.552289237
0.320065763,-0.808478022
0.147094322,-0.400503425
0.316340555,0.326931593
-0.856042431,0.852793151
0.883565791,-0.086710431
-0.553546088,0.386479431
4.085072468,-1.838922368
-2.650307036,3.860271951
-1.329586119,0.303159762
-0.122540878,-0.389337736
-0.033687499,-0.141705005
-0.650219928,-0.038169542
0.135545491,0.568223814
-0.156821433,0.608848487
-0.362242537,-0.401458706
0.362374575,0.707304871
0.374380776,1.328636525
-0.997988435,-0.44311041
0.383495225,-0.513003626
-0.406558511,-0.30267729
0.564861679,0.174501781
0.688101355,-0.212559318
-0.714266103,1.895953127
-0.001278548,0.263840239
1.192810816,-0.589472111
0.49407535,-0.297199388
-0.635242499,0.484698354
-0.969178709,0.095579618
-0.846202869,-0.47311031
0.315188518,0.215541288
-0.694890509,-0.976839281
-0.697339821,0.186587359
0.804261078,-0.280789375
-0.815099173,0.231391128
0.261041627,-0.253529978
-0.119648296,-0.123396779
0.277063789,-0.335062949
0.165017557,1.112972166
-0.806948924,-0.10637014
-0.209540996,0.198553118
0.841683641,0.620363119
-0.654887204,0.471696368
0.475044209,-0.075678604
0.104116585,-0.75943433
0.12194618,0.502825081
0.483384006,0.254033955
0.587577696,-0.562351357
-0.377326244,-0.267488571
0.716676251,0.209199006
-0.565769621,-0.148115827
0.50023551,-0.293300944
-0.244741209,0.381770733
0.338731085,0.025910195
0.805229489,0.28210532
0.325020987,-0.182084904
-0.459825345,1.321467861
0.032652803,-0.386756401
-0.968798705,0.1580801
0.589709991,0.418317994
-0.18877346,0.427321364
0.233145022,0.857415804
-0.214351033,-0.318920278
-0.402744573,0.908829345
0.429746068,-0.370777986
-0.606433908,0.141884777
0.483337686,0.120089824
0.201170821,-0.342405045
1.967450196,2.340921002
-0.499424398,-0.370068395
0.410251032,0.245497586
-1.175655579,0.308586401
-0.17489109,1.011735975
0.514725752,-0.19777615
1.11455817,3.097658942
-0.449943238,0.241040304
1.129654475,-0.021128576
0.302341015,0.83415553
-0.466370455,-0.631534175
0.092770826,2.035065875
-0.401704832,-0.344774889
-0.648180194,-0.046512072
0.515219134,-1.023661807
0.469942407,0.266080952
0.112339428,0.261542663
-0.821482647,-0.203035898
-1.842279972,-1.074849229
-0.404358766,-0.552061993
-0.800918024,-0.443590471
0.236394828,-0.263545805
-0.842364479,-0.249708381
-0.216777166,0.018998007
0.384385322,-0.210663794
0.495161405,0.813215745
-0.052171746,-0.494000971
0.603776292,0.268690097
-0.031830744,-0.789965265
0.387052164,0.480834447
-0.660912618,0.08167841
-0.050902553,-0.074538581
0.503050853,0.01239633
0.199238766,-0.876209462
0.061770495,0.033466164
-1.074059239,-0.516582388
-0.085070332,0.114339186
-0.055295251,-0.216215989
0.158580313,0.260020307
-0.485552285,0.157408602
-0.723210532,-0.226175138
0.458610771,-0.028521434
-0.920735947,-0.165788448
1.151958349,-0.530007911
-2.955193821,3.920572446
0.248089706,0.288477947
0.166321933,0.628473423
1.206173871,-0.228608376
-3.034807581,2.4886742
-0.140157379,0.443329301
0.363587435,-0.019452653
0.589094682,-0.610058578
-0.898582308,-0.401126586
0.633651933,2.597940995
-0.456411113,0.558508144
1.591753314,-0.680366719
0.659568438,-0.441209409
0.20194801,0.968356231
1.770883215,-2.880297775
-2.083535809,0.592681547
0.335808286,-0.487083718
-0.137835267,-0.354863983
0.252693469,0.179624578
-0.302370398,-0.704445481
0.019063692,0.256358762
0.207625396,0.598434872
0.501727199,-0.030495416
0.54915177,-0.068919589
-0.052024405,0.440612473
-1.04179617,-0.575575068
3.150976316,3.080386176
-0.072585122,-0.268166261
-1.289525373,-0.468754693
-0.846185219,0.364673173
0.271655946,0.219521479
-0.677292309,-0.317422164
0.001037511,0.513400289
-0.428274654,-0.7707937
0.47709479,0.272072376
0.702971857,-0.23917671
-0.319213353,0.522522809
-0.317161047,-0.181370583
0.208900292,-0.620108168
0.26829826,0.202347728
-0.234773179,-0.024805329
-0.544610605,-0.173101668
0.562110867,1.147440583
-0.138216423,-0.129788491
0.480278612,0.112920239
0.015300912,-0.034820789
-0.15450085,-0.022689604
0.747626905,-0.148799099
0.418773957,0.980440406
-0.807230486,-0.104299661
0.473625984,-0.077505047
-0.394334627,0.547319187
1.099056248,0.223166718
-0.522626683,0.605572645
-0.324477964,-0.020140409
0.194546984,0.585520532
-0.015066653,-0.032364192
-0.128116349,0.428830955
-0.069768968,-0.120468373
0.224097642,0.848090786
0.050157217,-0.469395728
0.06811139,-0.529724713
-0.459002385,0.126248314
0.809027135,-0.412204561
-0.275227928,-0.596866226
-4.064993277,-0.885669908
-0.630745873,0.25700209
-0.48567116,-0.432024069
0.401219455,0.144502946
0.395985522,-0.422378551
0.793880762,-0.321628801
-0.033057613,-0.211249358
-0.435051295,0.66110966
-0.742146933,2.438214133
0.005655131,-0.462731256
0.119933553,0.079479337
0.510895293,-0.276270337
-0.077036199,0.59680584
-0.674206544,0.632491665
-0.201594153,0.474702762
0.301331514,0.07858368
-0.026457266,-0.291681418
0.75999743,0.859794654
-0.087683178,0.610791571
3.053174496,0.738901976
0.274928434,0.000449963
-0.125828179,-0.293451323
0.394046184,-0.149371437
-0.259928634,-0.461721484
0.280724955,-0.629798084
0.667658138,-0.206637403
-0.765308122,0.16381159
-0.417174684,-0.054379271
-0.463912537,0.953299341
0.350178669,-0.107636617
1.653287175,-0.755099822
-0.495335465,-0.501334294
0.013439276,-0.542851768
-0.04048697,-0.262274091
0.460429412,0.159363826
-0.535376311,0.527225863
0.702272757,0.073220385
-0.314608426,0.219809056
1.064197741,-0.194620397
0.715721624,0.318293384
-1.571890673,-1.241769586
-0.086804118,0.449120311
-0.255550675,0.341883018
-0.656424837,0.707437068
0.210070811,0.278743398
-0.813160969,-0.067411226
-2.465065333,3.383679275
-0.052489851,0.683707491
-0.197614491,-0.579710258
0.044290099,1.104902795
0.402782175,0.692020475
0.302560042,0.447777993
-0.217832348,-0.366920916
0.870314723,-0.146742527
-0.657953705,-0.230792302
-0.131467987,0.264382209
-0.689418486,1.462624792
-0.55382345,0.117488596
1.274056349,-0.217962061
-0.448184861,-0.981366005
-0.169118734,-0.175490899
-0.277065624,0.749745745
0.203565166,-0.31427879
-0.169516438,-0.017201875
-0.293609282,-0.321425649
-0.150391938,-0.330304297
-0.182775545,0.46904627
-0.234432094,-1.100720643
-0.483563536,-0.505273104
0.147868719,0.565258668
-0.633171338,-0.030747382
0.900231381,-0.597551887
0.163187545,0.741564314
-0.628548212,-1.159312494
-0.293687533,0.662434136
-1.388679573,0.575866987
0.199148043,-0.627887441
0.048239571,-0.58741005
-0.005457169,-0.365403382
-0.363182916,-0.086229298
-0.793211963,0.099043519
0.450361953,0.445682053
-1.49730643,0.440468781
-0.088391357,-1.099627023
-1.002107858,0.18843826
-0.11130284,-0.456539609
0.621878979,0.856284794
0.482625759,0.238339629
0.881741426,-0.675523688
0.51020684,-3.483658035
-0.510578585,2.164532319
0.738731393,-0.137554362
-4.811023752,-1.933454302
-0.329855624,0.237003934
-0.644430359,-0.509391767
-0.167525916,-0.074146286
0.438962085,0.551887001
0.47673978,0.398931969
-0.02720129,-0.408379653
-0.50470029,-0.518433581
-0.088568692,-0.445364592
0.998383001,0.526599949
-0.074091073,1.803201002
-0.318718513,-0.198635907
0.383331591,0.178146409
2.169545319,0.031232042
-1.878948517,-1.228118454
-0.050150851,-0.351700046
1.095817068,0.019764621
-0.301919776,-0.574777032
0.120536163,-0.312632274
0.434481743,0.138435953
0.054323562,0.334169493
-0.152976288,-0.219237229
0.376932842,-0.444094106
0.191366215,-0.01712114
0.212451336,-0.940741899
0.558652658,-0.259450102
-0.055830688,-0.979807678
0.698031098,0.587926148
0.83030378,-0.708301741
1.058395511,-0.805439202
-0.953037323,-0.603310811
-0.66707058,0.257726106
-0.396143331,-0.265802954
-0.277154813,-0.235318829
-0.868524777,-0.595227866
0.15869993,0.752783475
-0.615273023,-0.253453307
-0.291920422,-0.511850726
-0.466394521,0.621659692
0.106863544,-0.45376786
-0.395261511,-0.453650061
0.789432597,-0.397750275
-0.703911053,3.243052297
-0.516087447,-0.088680742
0.688577857,0.283958251
-0.475822751,0.046750346
0.394716553,0.980456872
-2.515061103,0.543004732
-0.68759224,0.250496116
0.300302601,-0.006625134
-0.010641496,-1.21906628
-0.417928034,-0.471046794
0.098914084,0.048875401
0.773600284,-2.460982549
-0.430612843,0.955032477
0.718970502,0.580309072
0.716552446,-0.191855651
-0.346024924,0.768188527
-0.735870771,-0.206650653
4.466228449,-0.527715943
-0.60815203,-0.054890814
0.788544106,-0.40640105
2.669357591,3.349466516
-0.374413964,0.399380808
-0.306964654,0.352818306
0.1399623,-0.049075195
-0.390409819,0.362322344
-0.031026563,0.629583565
-0.394034017,-0.720316172
0.092661692,0.329230463
0.607303878,-0.196379099
-1.416005935,-0.54171333
0.865642356,0.179652413
-0.255402569,-0.590316092
-0.672753864,-1.696149997
-0.277172565,-0.584415161
-0.095326747,-0.197424757
-0.517983333,-0.29707798
-0.210662696,-2.100968842
0.404870365,0.539965609
-0.135630008,-0.341783772
-0.363875842,-0.006314556
0.204991178,0.200320183
-0.514556484,0.486540002
-0.295701334,0.562209592
0.467081813,-0.407354297
-0.338846641,-0.252734068
-0.762486272,0.087856457
0.309577461,-0.937156748
0.60138393,0.039963133
-0.030143767,0.139040524
0.032012099,0.352540551
0.126401753,-0.204007355
0.878668651,0.346797654
-1.663454187,-2.821714378
3.61402034,-2.769332256
-0.299075226,-0.760019643
0.096431978,-0.57850864
-0.056123882,0.384590452
0.520043123,0.082321905
4.123652741,-2.395887012
0.239062498,-0.046561396
-0.198956049,0.39128944
0.024842608,-0.800924377
0.910957549,-0.037825235
-2.886307223,-0.786211086
0.226890956,-0.914870206
-0.003468721,0.954945281
0.573216007,0.035992597
-1.120724484,-0.180014866
-0.268135072,0.604918611
-0.132549942,0.229731296
0.588616027,0.519995892
-0.071223934,-0.654381757
0.47910405,-1.307685463
4.208370799,0.454514128
0.67971013,0.348036022
0.499742418,-2.408503003
-0.443892874,-0.990398234
-0.131192973,-3.033470371
0.285122707,0.270267646
0.015633774,-0.046056057
-0.816211651,-0.033567077
0.256281116,-0.179558298
0.794961496,0.48936505
-2.17653157,-5.054272807
-0.685379991,0.432826461
0.430486635,-0.845498881
-0.186420059,-0.743117901
-0.398059699,-1.817974211
-0.469712159,-0.526062084
-0.12474815,-0.083229863
0.5342547,-0.226692902
0.379414775,-0.354965121
-0.231038768,0.456603503
0.089310099,0.390840576
-0.768718805,-0.050687214
-0.104142552,0.787185619
0.092525327,0.036217482
-0.35442491,0.725764008
-0.193656719,-0.173792256
-0.82050161,0.146141369
1.68493454,-0.005690668
0.000170479,-0.0311024
-0.171617527,0.035387038
-0.079969894,-0.415978747
-0.423637799,0.16974507
-0.62639768,0.388745178
-0.482976929,-0.36215566
-0.202970864,0.362184252
1.004220778,0.047890424
-0.155988054,-0.420145198
0.41942947,-0.538093925
0.193160492,0.758334253
0.766389607,0.734679385
0.005174657,0.36001688
-0.528532146,-0.912346532
-0.328357652,-0.346495179
0.696418716,-0.688509285
-0.368592585,-0.339164919
0.019059,-0.28945907
0.699614962,-0.113061863
0.043568875,0.614250948
-0.603833217,-0.272721795
-0.740622981,-0.636279068
-0.039593753,-0.263748033
-0.819403654,-0.366656404
0.431508577,-0.294848898
0.194495973,-0.38101948
0.223934832,-0.37787538
0.096975137,0.630153801
0.408988804,-0.139457138
0.137800337,0.717524693
-0.469490786,0.508510496
-0.312778518,0.496068414
0.391140305,-1.04200003
0.213129365,0.338454018
-0.469820316,-1.190875069
1.917903249,-4.644134426
-0.478290004,0.298969603
0.106293523,0.773515748
0.428961962,0.570550933
-0.002963703,0.683030034
0.26615785,-0.400013894
-0.192322712,-0.221918047
-0.34728393,-0.07481727
-0.049226262,-0.331739143
-0.051381343,-0.091157128
2.318623095,-0.914724916
-0.030813201,-0.053652638
0.980613495,-0.036119379
-0.240696312,0.698532651
-0.500107674,-0.772385548
-0.460313187,0.460967402
0.977956154,0.195046661
0.281098496,1.69109229
-0.836222294,0.311037598
-0.461819141,3.424354054
-0.133866768,-0.564005666
-0.359104856,-0.316688015
1.244220807,0.847984767
0.34708836,-0.107103442
-0.291939407,-0.665450641
0.983864841,0.223841608
-0.393234208,-0.588236577
-1.007960105,-1.858714188
-0.03397256,1.180114293
-0.592609074,0.700388823
-0.593546236,0.32967858
-0.555689274,1.073682583
-1.201493135,2.753974305
-0.321476277,0.075057614
0.244345296,-0.053980972
-0.428151413,0.629937666
0.236535369,0.88117156
-0.470907737,-0.351417298
-0.193872008,-0.303367784
-0.685608247,0.099426421
-0.235371249,0.136398195
0.064746418,-1.041617251
0.410936503,-0.085375136
0.022879259,-0.093591925
-0.214604648,0.68761271
-0.432651182,-0.046264062
-0.907944422,0.375549799
-0.496680688,1.021036075
-0.312513695,-0.195196347
0.074735879,0.394314667
-0.230226858,-0.631009605
-0.741441679,-0.654706073
-0.388614021,-0.150001788
0.973024751,0.488190872
0.74955059,-0.655465103
-0.696884725,0.369352659
0.482679834,-0.350104239
-0.810137051,0.553095736
0.0020875,-0.741745777
-0.74123798,0.020095258
0.031479678,-0.435822606
0.853856879,-0.150343057
0.538100162,-0.699677985
0.157012846,0.186438004
0.883821483,-2.357033408
-0.456560769,-0.089228407
0.560385737,0.506213552
0.496951118,0.32813533
5.912797533,-3.169518079
0.102310447,-0.343050911
-0.426357116,0.202826115
0.096364498,0.348219337
-5.223751152,3.560734723
0.111237788,0.272177439
0.659744885,-0.060162337
0.28547492,0.536150324
-0.272855987,-0.942292922
-0.077752151,0.325651029
0.494120287,-0.256951475
-0.084953131,0.859395567
-0.274749273,-0.549285364
-0.38629928,-0.141812726
-0.861614125,0.898769694
0.755819675,0.853234124
-0.176715874,-0.808237094
0.515147814,0.775360301
0.523993307,-0.016913483
-0.429486194,-0.449471078
-0.200617355,-0.400041238
-1.204924349,-3.015220836
0.221423057,0.109198537
-0.739897808,0.067343631
-1.186096936,-0.690872505
0.260532438,-0.287893985
-0.145918681,-0.380746106
-0.284656027,0.134952177
-0.251854719,-0.293508144
-0.155155425,0.052377522
-0.409303638,-0.722575581
0.020838757,0.3867587
0.591285917,0.48925967
1.669137582,-2.23130281
0.113672975,0.807124774
0.652106946,0.052405804
0.112474025,-0.164150553
-0.215548169,0.286375683
-1.054246154,-1.713032624
0.006781609,0.064260914
-0.034054345,0.028613507
-0.376852233,0.068844913
-0.029293276,-0.158771547
0.077334417,0.520784194
0.657568833,-0.161728736
0.246822044,0.243507663
0.491818098,-0.042807477
-0.698107683,-0.16516561
-0.064120987,-0.135885783
1.833421819,-2.169397296
0.013369191,0.091725127
0.148366586,0.41499308
-0.114085619,-0.445170766
-0.475250898,0.382061607
0.270913521,-0.347836778
1.420883672,-0.873625008
0.220516454,0.089396433
0.015273291,-0.018441765
0.418512215,0.146543639
-0.055244703,-0.830349906
-0.802369265,0.729357375
0.435632135,0.330285404
-0.48676438,1.039114981
-0.20680949,-0.373727406
-0.510779926,-0.235012158
0.505921216,-0.328975522
-0.461956008,0.706075849
-0.086093055,0.604692456
0.14870283,0.181542333
-0.007841056,0.080464084
-0.288120908,0.287304459
-0.120343576,0.309210854
-0.252127487,1.078850715
-0.865138031,0.294371203
-0.069323122,0.462010169
-0.687650975,0.311505098
0.034299614,-0.136138051
-0.017884036,1.190372676
0.160015966,1.039588332
0.018106015,-0.358321707
0.580130036,-0.122120548
0.082931761,0.664570641
-0.549985404,-0.20217611
0.203328544,0.600848928
0.051276053,-0.481804692
0.5674491,0.551473702
0.143452244,-1.160297138
0.558641733,-0.781952317
-0.224383507,-0.872093878
0.108633342,-0.822796862
-2.396756779,2.136269879
-0.590582219,2.204984297
-0.021085726,-0.143443596
1.735753374,1.40807101
-0.028489527,-0.198092722
0.427365633,0.59394695
-1.937692285,0.619308046
0.16743625,0.122042566
0.279649491,-0.531847796
0.149167543,0.11239233
-0.11131063,-0.24574251
-0.660262673,0.249542138
1.739798132,0.703062537
0.21777308,-0.299612139
-0.243020106,0.262244516
0.078502764,-2.422199247
-0.710951818,-0.468004749
-0.298335428,0.283529106
0.20044284,-0.004828618
0.314805745,0.320893197
-0.820776977,-0.445012776
-0.144065726,0.355892634
0.18210395,1.006858673
0.177378847,0.308443277
-3.77320009,-0.130553157
0.481776602,-0.366132414
-0.170280017,-0.651610041
0.582519423,0.356560158
-0.825908518,0.243289174
-1.184793453,0.43202615
-2.327985116,0.861647397
0.054407635,-0.747705438
0.613331987,0.333177271
0.815798714,0.188879585
2.451307887,-4.410776214
-0.258988189,-1.20618085
-0.506336562,-0.513648439
1.63409753,0.147507705
-0.460203816,-0.08014311
0.765876512,-0.163246792
0.139598246,-0.188525603
-0.102480276,-0.087003419
0.013549488,1.489988086
-0.262370977,-0.692638792
-0.700128104,0.087340046
0.348435687,-0.032276009
-0.298458556,-0.111479591
0.338204342,0.528607082
-0.10500027,0.526076738
-0.417596345,-0.473370205
-0.73349873,-0.132390881
0.297567642,0.116953483
0.143628656,-0.001438051
0.888676888,0.054023287
-0.233720505,-0.430076692
-0.046672577,0.448711271
-0.497093177,0.084654049
0.206627986,-0.541497065
-1.471953184,-2.050380267
4.344184203,-0.292413823
0.249823478,-0.609341915
-0.369781498,0.771507298
0.426782577,-2.17491238
-0.54904898,0.256133363
0.38398575,-0.177745852
-0.024172312,-0.304050628
0.748857514,0.282633601
-0.3695846,-0.029363097
0.233083213,-0.18512122
0.541295685,0.18400183
0.347853293,-0.110044264
-0.145556574,-0.210303176
0.532612354,0.178576831
-1.048278741,0.810863989
0.099494747,0.994365959
0.078253269,0.116090518
0.254311368,0.796212854
-0.206135877,-0.201729592
-0.631863811,0.832524703
0.700672416,-0.205190897
0.140848257,0.457801719
0.212648942,-0.044019911
0.13725181,0.09334038
-0.381057256,-0.443890068
-0.465078251,-0.089294546
-0.712030454,-0.246659942
1.300335935,-0.089310299
0.671311005,-0.369967926
0.353936079,-0.010955618
0.602909278,0.209486005
-0.419816224,-0.684122548
-2.926405198,-2.229098977
0.57417529,-0.455425189
0.103635373,0.153866287
0.392517027,0.113501319
-0.17689759,0.051965553
0.480346699,0.664531423
0.228076518,-0.178789516
0.453602434,-0.422720671
0.341084741,0.78280793
-0.552045355,-0.969229477
0.588393481,-0.146297104
0.550142169,0.649010986
-0.682581439,0.973549321
-0.391183483,0.312559328
-0.430131226,0.164150648
-0.419564701,0.495060692
2.876107735,-0.418334016
-0.044186562,0.133835447
0.428266898,0.813360388
-0.523890405,-1.053098606
0.165845173,-0.082814392
-0.83234902,0.215189442
-0.103472355,-0.33904773
-4.290536349,-0.018182126
-0.936559831,0.785482354
-0.082372426,0.186242193
0.189885693,-0.237781991
-0.956871335,0.331780788
-0.640403357,0.830825931
-0.809842283,0.286313509
0.270386793,-0.909038815
0.799937457,-2.38834702
0.008245743,-0.610888167
0.019315276,-0.828357551
-2.378262344,-0.041448176
0.117410763,1.066076705
0.540473335,0.444687954
0.389773589,-0.096769416
-0.012904881,-0.781204367
0.152660378,0.512082466
-0.201588473,0.611222535
-0.463681464,0.444169431
0.250624698,1.056009812
0.075349072,0.347759156
-0.575302818,1.277224709
-0.835781916,0.26100606
-0.142979576,0.748455497
0.137323602,-0.301810218
-0.774127161,0.26598732
-1.066768695,2.740385225
0.51705269,-0.146229812
0.010531011,0.049727229
1.041946657,0.123757508
-0.208738675,-0.548748327
-1.009770043,-0.492104501
0.072053243,0.11672904
-0.476589749,-0.239648699
-0.108437105,-0.362641023
0.843680127,1.779013367
-0.138373407,-0.280420692
-0.442007365,0.617072018
1.144813926,-0.12127813
0.137610799,0.069893623
-0.01133447,-0.762197575
-0.815609754,-0.150736157
0.345892264,0.282194105
-0.599952232,-1.334030674
0.11212611,-0.839344181
0.479443794,0.949460511
-0.390139934,0.727017874
-0.139619234,-0.093816226
0.587030927,0.265565687
-0.220142299,0.027518296
0.063284401,0.396503535
4.528117677,-0.339010735
0.206956835,-0.099640027
-0.016659641,-0.765401749
-0.136266374,0.368760757
-1.182086909,0.010167091
0.755262366,-0.285739208
0.061892551,-0.806343289
0.460316145,0.090381303
-0.027719511,0.398280362
2.170420931,1.436880382
-0.240124517,0.468053775
-0.145800071,1.315028412
-2.861410395,-2.1345644
0.162434808,0.49855899
-0.212331651,-0.414982299
-0.141097938,-0.579101593
0.540825876,0.049534182
-0.462446537,0.164761221
0.182924394,0.648912633
1.190843203,-0.604492911
-0.216413634,0.187484362
0.046519073,-0.018780918
0.023067529,-0.47918724
-0.078833508,1.128361749
0.018502861,0.383951204
-0.135181896,-0.105249075
0.570244212,0.086412338
-1.649722769,0.514221494
0.284229459,-0.166405882
0.406337021,0.29362969
-0.530937008,0.005767238
0.732740185,-0.089869203
-0.193663409,-0.151151375
0.535314165,0.869532518
4.86511159,4.060126984
0.133052687,0.034779425
1.86481955,-2.345943145
0.249327323,-0.27884373
-0.042114739,0.277344431
0.478404277,0.139844535
-0.180836229,1.076859754
-0.071255199,-0.164871182
0.402302862,0.127416173
-0.286582214,-0.492223033
-2.91303115,-0.318493423
0.440565549,0.516494597
0.648074934,0.308229656
-0.395859644,-0.291471697
0.241211017,-0.657891524
0.192161703,0.504855927
-0.177541561,-0.375784495
-0.205525223,0.374649778
-0.527314232,0.410123919
-0.448700463,0.656235184
-0.418385521,0.806364297
0.709931986,-0.482553304
-0.754830803,-0.138695696
-0.196724561,0.00135877
0.226244546,0.048948073
0.281006553,-0.503954902
0.449865406,-0.789265093
0.23283122,-0.768121843
0.009313685,0.527162487
0.076088488,-0.18706316
-0.726086371,0.152901425
0.265194368,0.283983012
1.0030132,0.152023333
-0.266351396,0.545374867
1.677067227,-1.373862107
-0.803219845,-0.686526768
0.386626489,-0.59194032
0.591559779,0.359448583
0.164376538,0.470293632
0.542898612,-0.690550043
-0.317588199,0.301838343
-0.017886112,0.395430751
0.308830423,1.248208531
-0.411806638,-0.397353059
-0.345861268,-0.078040207
0.763153367,0.711737517
0.933341574,0.378734165
-0.196194499,-1.523071527
0.012692802,0.305195882
-0.224951053,-0.650314984
-0.277366403,-0.061800381
-1.299024186,3.211547085
0.222426719,-0.001881409
0.052453583,0.066956461
-0.317923039,0.338216647
0.41227861,0.265589183
-0.176996956,-0.687475647
0.153582567,0.911196256
0.422497802,-0.337796914
-2.75671266,-3.753456241
-2.697562641,-0.186047893
-0.751198285,-0.888833477
0.187475339,0.006059125
-0.534738555,1.315737151
-0.017871367,0.168007871
0.156316982,-0.096731941
1.484058578,-4.811521352
0.283156647,-0.831109972
0.346253527,-0.386881673
4.569770661,1.376611652
-0.383666091,-1.184811647
0.564297032,0.248000473
0.014378119,0.276481925
-0.770398507,0.031630997
-0.187573558,-0.613098096
-0.084879147,-0.067066391
-0.24935144,-0.848085999
0.346371249,-0.389566995
1.585487387,0.094749819
0.743391237,0.02138986
2.208092111,-2.198685834
0.107776527,0.28400368
0.866360593,0.342250553
0.563577257,-0.662413685
0.603062311,0.726438883
0.349048121,0.426574082
-0.313029136,-0.665097206
0.146060809,-0.295954057
-2.037532229,0.269324047
-1.008203314,-0.269727317
0.277772802,0.219761161
0.400282402,0.039130088
0.321815638,0.344448333
-0.066440289,-0.14889544
2.402575831,-1.598862636
0.276890597,-0.293740734
0.63443609,2.084109927
0.189430164,-0.589308315
0.724923763,-0.440723533
1.603381103,-1.937472496
-0.465857138,-0.477181581
2.536308584,0.13090542
-0.225438469,0.232553733
0.27798134,0.446236944
3.046010972,-4.77003246
0.446354076,-0.236802028
3.511030726,-0.091588483
0.535180008,-0.360000716
-0.065527006,0.56653994
0.099698536,0.972880696
-0.352460676,0.339987422
0.79789424,1.783926633
0.540272064,-0.80383829
-0.02806651,-0.000692521
-0.642285331,-0.021179765
0.066468634,-1.084987214
0.451544227,-1.503718602
-0.158455974,-0.793432601
-0.419708679,0.831710574
-0.719388675,0.113923953
1.399853825,-0.162888162
0.375512652,-0.449556469
0.420973726,0.271686124
0.113696388,-0.508369324
-0.46098383,0.887028169
0.471157154,-1.002562713
-0.15466795,-0.779318815
-1.08946576,-0.314825213
-0.981807531,0.266534092
0.514704459,0.051029896
-0.5094428,0.348704852
-0.26312167,0.091049889
-0.367727841,-0.156483264
-4.320541758,-0.394718629
-0.203151565,-0.432022496
0.233189787,-0.047196253
2.136957842,2.170426943
-0.287967804,0.780549278
-0.008322928,0.070466335
-0.558279438,-0.284684003
0.076082095,-0.970266699
0.154861912,-0.368728097
0.14946619,0.30433635
-0.010601693,-1.051175288
0.429552096,-0.404813288
-0.167310803,-0.439778549
-0.042557801,-0.282150517
-0.221980005,0.209101674
-0.372511608,0.506130255
-0.755790162,0.966185166
-2.306560789,-1.441230494
0.817202822,0.285613316
0.388638482,-0.145520732
0.5303575,-0.430064438
0.429665381,0.141823496
0.321527273,0.294112465
0.310910764,-0.401619738
-0.054767094,1.529700339
-0.522762279,-0.54242803
-0.333860143,0.163481298
-2.973646111,2.577413714
0.228654823,0.481170872
0.078238128,-0.108171989
0.314499794,0.157016922
0.338778517,0.653591923
0.062059144,0.918540344
0.469292568,-0.509625575
-0.710959936,0.99897804
1.081617975,0.668263975
3.84423745,-1.653394395
2.581622196,1.686870338
0.449556154,-0.00921615
0.659988452,0.155554709
-0.359970266,-0.446787201
0.137833275,-0.354192526
0.101848153,0.003565596
-0.915014275,-0.34791756
0.725475907,-0.282890664
-0.292046773,0.16755281
0.237513501,0.20295626
-2.92728745,1.602219986
-0.854160396,0.814991122
0.02671622,-0.231617928
0.469419321,0.223527076
-0.392110691,0.36564681
-0.219267,3.69593417
4.331882717,-0.992496133
0.1410427,-0.169060272
-0.483031593,1.080006554
0.508013696,-0.15343648
0.283645139,-0.11133755
-0.093345461,-0.571820698
-0.884269225,0.177740896
0.848635849,0.536250424
0.410792856,0.002646323
-0.518701222,0.674765315
2.64443772,-2.437141877
-0.540737271,-0.835605294
1.16039992,0.058545436
-0.014928061,-0.059085392
-1.222328457,3.050168446
1.525274603,1.339805691
-0.472948613,0.522304012
-0.393142186,0.815889685
-0.418052802,0.165546211
0.150142162,1.055304267
-0.277563173,-0.086241159
1.324793468,1.777792891
0.343940696,0.024928633
0.442593771,0.736882408
0.011106332,0.27172672
-0.051370145,-0.26949712
2.961283709,-2.173741553
-0.034120803,0.856671361
0.369915359,0.507134554
-1.359839682,-0.548300874
0.367085691,3.69759898
1.570431955,2.198501644
-0.66140585,0.011605802
-0.148922806,-0.491117651
-3.407340353,0.293717161
2.463001356,-0.046828265
-4.535854641,0.685307976
0.204775889,-0.39979675
-0.646428455,0.133525435
0.3727523,0.227014587
-1.057528008,0.702682719
-0.053284466,0.033665066
0.674056595,0.072738213
0.2272058,0.274905203
-2.114722066,-0.280241909
-0.649697732,0.312677715
0.487569205,-0.664668285
-2.908301989,0.484829859
-0.240121021,-0.261625472
0.041305516,-0.410767259
0.596905245,-0.258861321
-0.121009915,0.759130585
-0.86693049,-0.820300603
4.635763049,3.34335824
0.436655918,0.599868088
0.088579169,-0.511586565
-0.37161377,-0.197611033
1.158585111,-3.06027354
1.34028542,-0.100404257
0.198003356,-0.546530754
0.954441718,-0.281772655
-3.446708958,0.429078308
0.80216316,0.104034765
-0.881114449,0.415258685
-2.299524292,-1.115529475
0.482968059,0.711302374
-0.026621521,-0.386749791
0.250996332,0.346164421
0.88732928,-0.196576597
-0.468973798,0.136864725
-0.230211396,-0.237840828
-0.037091598,-0.542678721
-0.679578943,-0.276746586
0.154165623,-0.689041734
-0.224490265,0.577633192
-0.327780843,2.502091055
-0.005572806,0.00574945
-0.093897461,0.243468652
-0.355642878,0.563978312
-0.480252191,-0.396558681
-0.233422773,-0.708453057
-0.656197068,0.533136207
-0.144502605,-0.999319738
0.557988264,-0.460269082
-1.163802021,-1.222613745
0.455089454,0.158609108
1.563472541,1.615172465
-0.974785894,-0.480052783
0.539285643,-0.213110156
0.057832537,-0.273677787
-0.293173455,-0.223435533
-3.71821642,0.012889321
0.663891348,-0.050640743
-0.816347383,0.366861744
-0.795723938,0.001611108
-1.678816812,-0.361939454
0.090752759,-1.219704622
0.285554911,-0.271847015
-0.008510207,0.189575868
0.087533729,-1.059225317
0.174084618,0.331629045
-0.351757658,-0.307510424
0.052616069,-0.045829704
-0.672886634,-0.021249055
0.628974971,-0.429334199
-0.362586065,0.397870408
0.210459142,0.123301093
-0.041973293,0.027910408
-0.29734749,0.021528437
-0.527765644,0.297805977
-0.001604439,-0.151216578
2.668273098,-1.267089284
-0.312971557,0.236163943
-0.796105314,0.017094884
-0.014091114,0.214165935
-0.840644225,-0.075299327
0.882026173,0.200078604
-0.120826581,0.079325965
-0.510956662,-0.575218885
-0.681470474,-0.395878258
0.715783879,0.731107085
-0.32179703,0.093186911
-0.184218172,0.244392871
0.824624121,0.532566321
-0.252679159,-0.407895771
0.063456046,0.200994682
-0.238528153,0.085299101
-0.37893543,-0.025042047
0.024764776,-0.826590251
0.11954354,-0.303943723
-1.97658369,2.977540519
-0.33385636,0.84096087
-0.315372475,1.582810579
0.349325117,0.260812614
0.224584496,-0.065650954
-1.554928509,1.521792985
0.406166795,0.273135933
-0.606257872,-0.040299258
0.390583633,-0.437840914
0.214773558,-0.677430607
0.292819689,0.339044284
-0.045191004,0.68379862
-0.114831622,0.093489707
0.528978781,0.302610679
-0.154584257,-0.184207721
-0.037333989,0.12935822
-0.03156495,-0.410632537
-0.45682782,0.908913207
-0.856314661,0.306476184
-0.601867596,0.208521751
0.062587306,0.036576357
0.1030649,-0.313263522
0.371776758,0.105179683
0.101440522,0.62334757
-0.921534775,-0.238987002
-0.068048853,-0.852771203
-0.331012135,-0.373458169
0.069994234,-0.172022814
-0.022429617,0.55264931
0.187963713,-0.456797255
0.171213676,-0.111713056
0.168621473,0.069468235
0.394343542,0.068612387
0.411038178,-0.106607618
-0.766460527,-0.855985082
0.203207747,-0.096588351
0.594075108,0.245758503
-0.111238505,-0.429459954
-0.116147004,0.364464934
0.875459421,-0.20920058
-0.394430128,-0.64152348
-0.065053477,0.046976615
-0.585130576,0.309771412
0.08493898,0.045412964
0.003808749,0.443432343
0.070252267,-0.427542381
0.662179375,-0.086100396
0.32719671,-0.224959889
-0.270388213,-0.061836769
0.333191541,-0.230359894
0.099110831,-0.242090127
-0.007889609,-0.245865054
0.364644374,0.55027912
-0.506228576,0.625284916
-0.074281755,0.575575731
0.776641325,0.053645668
0.568922183,0.63777464
0.075573516,0.661545654
0.742462799,-1.061945009
0.288295408,-0.104149378
0.682265924,-0.344724592
-0.871178099,-0.651621377
-0.403777021,-0.371076081
-0.177975747,1.27011581
-3.596557598,-1.396317643
-0.110787199,0.212126309
-0.800920476,-0.018953531
-0.946050009,0.284029146
0.483152889,0.10511572
-0.712975224,-0.245776186
-0.062217186,0.526586035
-0.103451838,0.440089456
-0.107247553,0.831519479
-0.975902051,-0.329945865
-0.10510377,-0.222101532
-0.192439905,0.047175795
-0.209433723,-0.392660709
0.183772448,0.095155779
-0.053326337,-0.246607194
0.052917322,-0.430254874
0.796636808,0.2843612
-0.166379382,-0.102003936
0.472769395,-0.100692272
0.126165716,-0.195398998
-0.261289271,-0.15356586
0.695266984,-0.820674304
-0.247897747,0.608288857
-0.418839021,-0.295591552
0.365775791,0.159824892
-0.763815974,0.464370962
-0.218503856,0.349084869
1.082086465,0.268926267
0.103667023,0.379578338
-0.382071962,-0.718895737
-0.212907933,1.00407464
-0.091795382,0.162599357
-1.762030266,3.027849755
-1.633962548,-0.89938662
0.248446572,-0.332520809
-0.9104081,0.081747258
-0.337945847,-0.206608514
0.621246956,-0.607108641
-0.730869171,-0.774398069
1.094309339,-0.109886493
0.450411382,-0.752955676
0.576959835,-0.300457518
-0.260789839,-0.592343295
-0.114497708,0.762323215
0.220934748,-0.408430539
1.22561486,-0.105602992
-2.737807914,1.876096797
0.584165392,-0.52238383
0.387080305,-0.387229484
-0.888345509,-0.467391513
-0.387881768,-0.563790807
0.206136136,0.268698373
-1.016643552,0.061521602
-0.235016441,-0.108365735
0.5078587,0.54765672
0.668193091,-0.060020561
-0.055270329,0.510086356
-0.151373008,0.494839721
-0.73167253,-0.214902755
-0.054661608,-0.14159171
0.291684003,0.463302384
-0.205109346,0.691090944
0.026139476,-0.179872288
-0.591137854,0.024519823
0.264522619,0.211314311
0.468222863,-0.017547588
-0.022943973,0.14234225
-0.735200868,0.505213777
0.322421398,0.202335925
0.566002567,-0.280490502
-0.034928249,0.125056953
0.371900077,0.296074545
-0.41805569,0.321105472
-0.590815657,-0.16754565
0.406518189,-0.368148545
0.12613539,1.142800591
0.275944696,0.685664984
0.538518736,-0.112413281
-0.202553145,0.872642286
0.612435282,0.032428053
1.844073902,0.909647849
0.578390501,-0.256090706
0.474710403,0.043775621
-0.47112322,-0.232463802
-0.684929751,0.389730266
0.407259911,0.029462795
-0.841603404,0.172023069
0.110545451,-0.413406766
-1.276494908,0.326809298
-0.306303262,0.163237842
1.031935801,0.058947692
-0.030068943,-0.4330844
0.153101698,0.181848946
-0.21461195,-1.131121818
-0.686314824,-0.4287142
-1.156600967,-0.158070788
-0.09203612,-0.091030555
0.176408303,-0.076387212
-0.503415876,0.840788358
-0.510712998,-0.100457044
0.484372197,-0.365178548
1.108505136,-3.084482472
0.070976582,-0.159664209
0.136978789,-0.663189246
-0.825515364,-0.104312832
-0.912039776,-0.289354256
0.467089874,-0.695752635
-0.334785692,0.022685463
0.195984551,0.282143565
0.493214558,-0.0227787
-0.57625999,0.27217778
2.441469409,-0.821738064
-0.228387197,0.305547973
0.069372626,-0.637159684
-4.418127536,-0.783942246
-0.074383076,0.048002102
-0.196283629,-0.546108971
-0.089541203,-0.775720569
0.178183199,0.353286584
-0.249016225,0.964766027
0.506084148,0.692093362
-0.236680463,-0.101785336
-0.175629223,0.929602896
0.317193337,0.814637885
-0.275399713,0.396020749
0.345214512,0.398336054
0.140319682,0.146840346
-0.203985909,-0.665401943
0.413289734,0.759258846
0.051167923,-0.112046184
0.576165782,0.539809296
0.563317961,-0.539965754
-0.547835614,-0.546448303
-0.178435764,0.272828662
-1.009609855,-1.218732229
0.503807191,2.020102108
-0.095024399,-0.20613194
0.678393623,1.007007046
1.563720312,-1.191194987
-0.277261569,-0.637944582
0.033746129,0.008169042
-0.13560367,-0.658587394
2.372468336,-1.846401758
0.240212248,-0.484093032
0.287835156,0.275516996
0.831615117,0.462933098
-0.35217057,0.537351929
-0.051606376,-0.525695199
0.514467746,-0.036143504
-0.430607777,-0.254797566
0.069035822,0.602300233
0.0916696,0.835471516
0.428415306,-0.325512797
-0.14061897,0.008353254
0.259634594,-0.336291549
0.410160899,0.679974271
0.93377948,0.453022329
0.341748909,0.001555209
-1.184401726,0.661097079
-0.220181107,0.340072883
-0.244862511,-0.139648335
-0.080945671,-0.613380148
0.543773158,0.369652267
0.706542768,0.753490179
0.569700342,-0.61741291
0.117732263,0.056153844
0.641727518,0.298973246
0.056278765,-0.327772515
-0.204227716,0.552277211
0.321952037,-0.720496049
-0.453732991,-0.096202104
-1.14431002,0.125742208
-5.16071851,-0.575995166
0.814737611,-0.049522351
-0.084822671,-0.229984763
-0.025041321,-0.421807803
0.404590148,-0.59904644
-0.235289857,0.093485304
-1.937542081,-0.048310224
-0.503018429,-0.410774913
0.480023871,-0.208249541
-0.067936033,-0.298385411
0.091962747,-0.19274488
0.098983645,0.540967609
-0.082855272,0.461177544
0.412686116,-0.149161584
0.251889733,0.955171251
-0.636616588,0.765884211
0.708092843,-0.168731999
0.069532075,-0.428835102
0.112804327,0.22485605
0.295863488,-0.238112218
-0.045125035,0.603687493
1.090799314,0.219775103
0.206299208,0.26319604
0.177851758,-0.238643135
0.331002683,-0.170437205
-0.215230956,0.574689692
0.196187164,-0.327243253
-0.644865674,0.295129504
0.412608361,-0.674215801
0.11691803,-0.56959993
-0.154557222,-0.116733331
0.008757807,0.161812882
-0.371836087,-0.079506126
0.410158249,-0.178732834
-0.600559937,-0.298207495
0.30206837,-0.814791801
-0.183073508,0.36504691
-0.091877865,0.41230911
2.035574711,0.853349119
-0.22677655,-0.495814179
0.679190944,0.030428192
0.012107155,-0.217395323
0.267813878,-1.623342003
0.051089163,0.252497361
-0.05126474,-0.212440222
-0.528736824,-0.277992516
-0.866163666,-0.186706081
0.924795623,-0.107083328
0.249026202,-0.013096119
0.423704178,-0.099359923
0.522511688,0.299519763
0.02365225,0.119811957
0.486812918,-0.555466112
0.396188726,-0.812520711
0.324605264,-0.273601372
0.339394647,0.576809016
0.385336527,-0.065219867
0.928551135,0.207337133
-0.364065414,0.371249234
0.078534731,-0.490229623
-0.01376712,-0.179982755
0.627302455,0.006208548
-1.918389294,-2.382094066
2.29485264,1.655319139
0.733422585,-0.277064434
-0.46568358,0.783580369
0.07446548,2.540602602
-0.185352002,-0.472807898
0.55362405,-1.824622097
0.51954822,0.239547612
0.079625234,-0.979274478
-0.10144842,-0.05494139
-0.331095722,-0.788803534
0.002969407,-0.524450186
-0.341195077,-0.443231362
-0.380137752,0.567577966
0.198999162,0.118889817
-1.1768202,-0.502572215
-0.362798689,-0.691681978
-0.435398575,-0.289424832
0.591051046,-0.785327297
0.334696236,0.369303514
-0.220862856,0.09215742
-0.208386046,0.09140111
0.450027121,0.901121115
-0.400784748,0.524273179
-0.2866837,0.212444743
0.299684686,-0.128158447
-0.60803829,0.070335952
0.349690242,-0.530611144
-0.569901228,0.392478761
-1.675890343,0.888167933
0.247222722,0.380695584
0.199523173,-1.386296378
0.104137489,0.488319518
2.806580226,0.653819072
0.309239742,0.09158061
-0.275788344,-0.269559717
0.063511977,-1.024615957
0.096606777,0.648671045
-0.224518571,0.245485528
-0.061146179,-0.213854627
0.25116412,-0.4311335
-0.152337129,-3.304986652
-0.240522011,-0.117347177
-0.105810158,0.133741932
-0.329971353,0.106508584
-0.424923232,0.362223248
-0.517802866,0.070833582
0.197988106,0.905752852
-0.869165934,0.353567372
-0.731602832,0.569299128
0.2692185,0.241670926
-0.713468843,-0.466285115
-0.664002314,0.11573338
0.233110982,-2.27396678
-0.182527608,-0.895663774
0.330808165,-0.446019265
0.507832641,0.350520671
-0.326708107,-0.495612868
0.146887155,-0.438265926
0.122627927,0.438752531
0.319012017,0.170012299
-0.344524215,-0.274043594
0.229340063,0.596404323
0.705586032,0.392901913
0.035504403,-0.246765925
-0.454381623,-0.21215881
0.091458865,0.338415812
0.753807763,0.107964959
-0.112129467,-0.151124865
0.388716967,0.007573393
-4.242778875,-1.58310707
-0.049504156,-0.525326918
-0.086675104,0.61562678
0.453952041,-0.546613091
-0.288204918,-0.553644211
-0.128434849,0.146735699
0.00221064,-0.032679517
-0.554536366,0.096308055
-0.500380245,-0.797888806
1.286535454,-1.53173096
-0.130279922,0.064478525
0.240557563,1.379677557
0.311005232,-0.203768064
0.107620234,-0.503182761
-0.334662849,0.40299033
0.590689301,-0.315951879
-0.529762787,-0.160981337
-0.225140917,-0.70961704
0.103345256,0.265521253
0.223606044,-0.308060562
-0.525202608,0.127583275
3.528403554,-0.707043103
0.402823974,4.549312014
1.342887744,2.168722561
0.670881596,-0.052594778
0.680520923,0.71032738
0.853726745,-0.862709189
0.413062854,-0.028878279
-0.452767898,0.132520301
-2.258722347,2.145260178
1.333661044,-3.42E-05
-0.293040942,-0.102919815
-0.658858672,0.27050411
0.420815632,-0.12472929
-0.178122975,0.350753564
0.14935683,0.455322836
-0.253846568,-0.070241732
-2.193098554,0.425675866
0.431298006,-1.327809546
0.530800085,-0.592443722
0.121978312,0.785151956
0.253619476,-0.05811485
0.248307599,0.506066595
0.488018763,-0.778466966
-0.040405806,-0.351929518
0.419745336,-0.086964965
-0.258243721,-0.041663143
-0.267635082,0.012702604
-0.549765796,0.043500693
0.485160994,-0.487771119
-0.653263426,0.82906534
-0.915845594,2.857225915
0.927623105,0.707828113
-0.134004892,-0.248304105
-0.168653219,0.057014314
0.053360246,-0.455940649
-0.842258628,0.403281884
-0.424852691,0.261068947
0.109754778,0.196531467
-0.79753132,-0.127481104
-0.230946908,-0.313245112
0.294515711,0.356179667
-0.506844636,-0.638794186
0.080330595,-0.476322476
-0.202736229,0.216969484
-0.340872762,-0.305532957
0.071731964,0.443481283
0.140837279,-0.762888756
-1.478833401,-5.168642212
-0.262320201,-0.690548349
1.94459013,0.339901753
-0.342005449,0.829775398
0.038131555,-0.13074516
-0.357932464,0.441698421
0.551141282,-0.348536536
-0.485039701,0.622688275
-0.057243523,0.125815124
-0.094772834,0.214014054
-0.745628796,0.219695851
-0.761384045,0.27848206
0.009461052,-0.041017077
-0.509139663,-0.327285067
0.328129779,0.296115842
0.877493077,-0.066494211
-0.38714754,-0.134694889
-0.165591675,-0.285859517
-0.002420831,0.873834115
0.12863568,-1.056965974
-1.401101399,-0.594212211
-0.185082082,-0.479627696
0.757315284,3.245127702
0.796385377,-0.129286316
-0.451311929,0.334891626
2.987961051,-1.310106817
-0.596628917,0.17513296
-1.69682353,1.831586577
0.757091066,0.115509341
0.11145291,-1.078678187
0.031785383,-0.167841199
0.37333115,1.918926892
-0.621303469,-0.013849229
0.919090745,-0.492041344
-3.460089805,-1.224073073
-0.39455109,0.000624228
0.589389786,-0.089962418
0.311726805,0.445335841
0.162899807,0.062384761
-0.382390986,0.282000755
-0.502161356,-0.499095864
-3.70781338,-2.62417835
-0.317715219,0.426414884
0.014204222,-0.19903074
0.049333727,0.098590528
1.79239,-2.922402492
0.304160966,0.073280609
-0.489110308,-0.761500068
-0.363356013,-0.108581558
-0.080686768,0.897224403
0.433832609,-1.128125059
0.767671772,-0.092475709
0.099892311,0.470673953
0.961471013,0.740257396
-1.503249358,-0.023582934
-0.283883621,-0.295579834
-0.254483417,-0.615525011
0.377870144,-0.269566318
0.323108887,-0.065785456
0.456942329,-0.12894743
-2.130558045,-6.138413655
0.759379668,-0.585580231
-0.398387653,0.774033401
-0.140787715,-0.294693351
0.861848138,0.356508115
-0.2944066,-0.083076568
0.828021917,2.055522992
0.128363051,-0.449813901
-0.270679794,0.045760973
-0.065111583,-0.094708964
0.083336748,0.317515718
0.065955878,-0.990282796
-1.995460968,1.880862983
-0.094224541,-0.587917494
-0.486201445,0.673110537
-1.589725235,-0.642971836
-0.373057005,0.16122195
-0.956234367,0.371210185
0.492658754,0.383459835
-1.877833018,2.424677646
-0.064293775,0.227709995
-0.085801772,0.515829528
-0.656484167,-0.080238353
0.341100694,-0.005607079
-2.866990448,-0.358162432
0.503466912,0.242340144
2.298675666,-0.873591085
-0.288837879,-0.164117651
0.147537892,-0.549384228
0.298453241,-0.493643347
0.230397164,-0.200493079
0.780639799,-0.470135118
0.185586276,-0.494911275
-2.434637618,2.942021573
-0.642447791,-0.280465153
0.286878099,-0.48843732
0.386347419,-0.830799146
0.664480374,0.108951694
2.472364658,0.286994067
0.72019379,2.164776687
0.604925063,-0.703052386
0.703851915,0.088443631
0.596087693,0.735766111
-0.036273136,0.311675524
-0.217517015,0.328841048
-0.173956075,0.078174485
0.540688017,-0.315687994
-0.462234812,-0.077997098
0.233375325,0.080553161
0.024747491,0.246918388
-0.402813254,-0.559155962
-0.628340064,0.469807197
-0.946180947,-0.088906572
-0.468940116,0.216553977
0.405594931,0.074680456
-0.328963046,0.484441319
-0.516039506,-0.18221754
1.245743101,0.505927582
1.061763211,0.698424544
0.204037325,-0.815001326
0.465924187,0.169982492
2.803505225,2.463306666
-0.634508559,-1.841882635
-1.127782115,-0.511253422
0.941575349,-0.673879531
-0.220461316,-0.140177748
-0.377731363,-0.60060076
-0.253038278,-0.344223069
0.119340785,-0.05811122
-0.573734326,-0.218910022
-0.146030306,0.998813145
0.88727496,1.722103323
-0.295378576,0.485985147
-0.134001685,0.401228198
-0.391314578,-0.05519465
3.023014935,-0.85840783
-1.014692961,0.498987959
0.46189828,-0.066284007
-0.108474785,0.222696625
0.541236277,-0.975955414
-0.624236737,0.552298611
-0.336230224,-0.179776581
2.447596672,-1.702456647
0.869637716,0.315621901
-0.913172796,0.565190111
-0.524276483,-0.710008969
-0.186584156,0.070518366
0.66285398,-0.170991139
0.926846267,2.595612714
-0.614447598,0.444197055
0.132359727,0.515761291
-0.569161979,0.064581087
-0.547612778,0.117810429
0.5726807,-0.075297554
0.699181595,1.044805228
-0.352374256,0.367682448
0.199753342,0.77465563
1.338879906,2.869568672
-0.713837706,0.17646691
0.107482795,0.048609616
0.253334513,-0.311112736
0.054324102,0.022064549
-0.673962711,-0.380786694
-0.06595432,0.202380906
-0.027676274,-0.131968674
0.320669072,0.416925611
-0.818853144,1.3173014
-0.706487187,0.253715153
0.382248727,-0.134186368
-0.252276487,0.14003925
-0.064282798,0.426818489
1.440730357,-0.296930958
-0.051218517,-0.309902387
-0.857028296,0.079617101
0.26188418,0.071487166
-0.045516334,-0.914488318
3.391969125,-0.203830458
0.431759829,-0.40237687
-0.173124724,-0.397318161
-0.487960499,0.012065083
0.344909082,0.650923115
1.00294572,0.040829182
-0.61331083,0.483723075
-2.33064087,-1.074891012
0.057573937,-0.189573781
0.478656202,0.123937634
-0.163280489,-0.004104941
0.006115992,0.784629807
-0.725952765,0.191101394
0.336147379,0.203730918
-0.241624771,0.001285591
-1.058268088,-0.107531513
-0.832086493,-0.063284666
-0.711397454,0.961162378
-0.806711506,0.232321199
0.033758429,0.388802069
-1.119802029,0.200749528
-0.050848637,0.009639692
-0.626134909,0.069666771
-0.18079964,0.532292568
0.004277463,-0.508508101
0.339972003,-1.081548824
0.118746296,-0.266377583
0.443391969,0.198500405
0.111231582,-0.044187762
-0.113061235,0.962902869
0.228321231,0.754788479
-0.51142752,-0.575346002
-0.024662035,0.119516801
0.299993372,-0.38419166
0.261945512,0.044211044
-0.518514672,-0.556452947
-0.32592825,-0.887372408
0.202157172,0.252171788
-0.098278622,-0.287493919
-0.640824558,-0.144862808
-0.323526763,0.085621773
0.052413901,-0.496628609
-0.624669257,-0.35489255
-0.424536436,0.814750022
0.385895276,0.411752077
-0.799755562,0.412194965
0.307885817,-0.139055369
0.284922159,0.370775525
0.328231842,0.03292559
-0.358222079,-0.253136767
0.011988371,0.083711848
0.660397193,-0.646000626
0.349568077,-0.1493798
-0.313443872,0.699478441
-0.059082023,-0.340089102
-0.277536824,0.048893055
0.31813335,-0.383824615
-0.485585332,0.71315843
-0.494421052,-0.215651619
0.375973294,0.281494859
-0.023638858,0.332072025
0.207153417,0.061979813
0.006992267,-0.289471176
0.641490605,0.023176136
0.165266372,-0.072637229
-0.083626285,-0.302016543
0.448430767,-5.874927489
0.672380198,-0.4157462
-0.001665723,-0.048470779
0.490935318,0.019602938
-0.345514762,-0.253645724
0.03239287,0.472430001
0.651590481,0.064268158
1.695315338,0.47714253
5.223600049,-1.634192232
0.151828237,0.516978493
-0.103747455,0.145607926
0.044538101,-0.064576741
-0.049080606,-0.44330713
0.166311574,1.247997281
-0.57199035,-0.359786928
-0.253758801,-0.525940051
-0.237587553,0.636476874
0.185412501,0.071030903
-0.460154758,0.75475446
-0.551115095,-0.012274712
0.604885954,-0.632400016
0.772267183,-0.206881247
0.43836313,-0.752483433
0.465204248,-0.087658201
-0.732957164,-0.034794277
0.155562223,-0.539180545
1.213803899,1.700374032
-0.370433352,-0.304145575
-0.150547393,0.268493957
-0.848065633,0.365091766
-0.190644935,-0.624474467
-0.318541681,-2.754346935
0.675711782,-0.369078799
0.012256616,0.994846539
4.906070899,1.437586359
0.156533851,-0.42704787
0.371881481,-0.362594351
-0.514967642,-0.174971682
-0.078011945,0.524546594
-0.167769904,-0.303806093
0.132369379,-0.830924184
-1.196964468,-1.960710048
-0.532574052,-1.081830506
-0.842691052,0.151505525
-0.02285198,0.110253828
-2.065064719,-1.802143586
-0.155319057,-0.438430204
-0.001811409,-0.240143555
-1.466403725,5.20048537
0.267755285,-0.19978443
0.67401789,0.453849399
0.534678234,-0.177814212
0.115630353,-0.706846698
0.569486905,0.49142061
0.747242272,-1.034992513
-0.045905515,0.325605004
-2.010566143,1.353701506
1.026146712,0.49265446
-0.227766252,0.00873958
-0.704134296,0.073021705
-0.491559092,-0.449160986
-0.612717759,0.422181488
-0.355473535,0.026173427
-0.586561703,0.971810593
-0.211157412,0.052357015
0.359834085,-0.124209653
-1.951192078,-3.14773271
-0.039604683,0.04698415
0.069981415,0.824336737
-0.073818707,0.565905978
-0.190867544,-0.076397232
-0.401570694,-0.232168846
-0.022069859,0.809229662
-0.926171328,-0.356663495
-0.51574123,-0.714995629
-0.173706154,-0.453492689
0.022556502,1.713769274
0.586805613,-0.796114744
-2.062825742,-2.763439891
-0.46653892,-0.119388158
0.684958383,-2.060865658
0.351792777,0.464572574
-0.28671417,-2.372747143
-0.421247249,-0.087306827
0.677721351,-0.199074064
0.401025869,-0.923265991
-0.857082344,-0.024820785
-4.42991442,-0.684576113
0.312615726,-0.801028828
0.421994457,0.171488269
0.510612372,0.354347637
0.302511166,5.889968629
-0.955708316,0.418945759
-0.308671173,0.260747121
-0.006127488,-0.116811116
0.300146693,0.554779132
5.447146982,-2.231650246
0.753400364,-0.196538198
3.257635848,-0.692837142
0.022567008,1.169812403
-0.589021162,-0.170539605
1.135651918,3.365320402
-0.196410302,-0.16813693
0.088713071,-0.200890468
-0.252047352,0.544543653
-0.31404378,-0.240513559
-1.586317492,-0.534322364
-0.194077096,-0.029964001
0.022582928,0.929673167
0.102159295,-0.960352799
0.919132924,-0.418035763
0.10176985,-1.042216068
-0.703229828,-0.087411686
0.438291473,-0.014119642
-1.015342234,1.032246431
0.891373022,-0.006744519
-0.197111357,-0.319643339
0.14642846,-0.053357463
-0.425954982,-0.270310504
0.122808214,-0.01649824
0.232794595,-0.436079199
0.391872247,0.950670026
0.140220853,-0.496561805
0.077473713,0.18908126
-0.207393831,0.878239322
-0.833889946,0.294018874
-0.774235525,0.655713563
-0.127978835,-0.17402319
-0.260549738,0.941582073
4.253418325,0.215186432
-0.066918721,-0.615775815
-0.626296671,-0.293160013
-0.367316316,0.12344175
-0.346856501,1.880568081
-0.461411657,-0.725669249
-0.028326025,-5.102674651
0.545861575,-2.19788692
1.232160967,0.096915868
0.435480891,-0.438985308
-0.306312869,-0.411414162
0.120869144,-0.07257591
0.068015609,-0.419155578
-0.392343706,-0.167790322
0.447464726,3.867520204
0.6824695,-0.435469445
0.611438724,-1.043255014
-0.088219271,-0.816717265
0.929278094,-0.504670494
-0.326642351,0.039257013
-0.653435821,0.759799427
0.097533461,0.180501183
0.551751883,-0.287627997
0.877996034,-3.453416122
0.099650098,-0.02530177
-0.476930481,-0.424807011
-0.291605647,0.322000849
-2.006180489,0.004033631
-0.239827907,0.310179149
-0.339012891,0.648922895
-0.327803554,0.128577104
0.088435741,-0.337061089
-0.04563351,-0.200785338
0.22682723,-0.186168108
2.590445439,-1.35410174
0.364390761,0.442750555
0.580775367,-0.408380649
-0.659438955,-0.157952218
0.249345137,0.523986078
-0.608969256,-0.152481819
-0.102017723,-0.473870182
-1.344262235,-2.915472132
-0.521564749,-0.428539094
0.07090332,0.916717681
-0.497680008,0.649756206
-0.310541349,0.867286087
0.229792452,0.14002893
-0.391749632,0.053759516
0.768279444,0.085578448
-0.006725735,0.407735985
2.450482116,2.174355117
-0.057387662,0.154375621
-0.164363846,0.331982538
-0.25206604,0.639264594
2.79400542,-2.772063472
-3.044727705,1.844048238
1.248600196,-1.122660824
-0.655098653,0.539565325
-0.200174408,-0.736161464
-0.715067604,0.666402668
-0.444322642,-0.067904921
-0.193435423,-0.25514637
0.226199709,0.80739819
-2.019944888,0.834105445
-0.622829066,-0.585595168
0.396940181,-0.34960764
-1.296694282,0.048625438
-0.088623308,-0.18977706
-0.816898009,0.448083597
0.081181519,-0.005145658
-1.405334027,-0.075326819
0.633705827,0.249749117
0.446244502,0.438057383
-0.427620229,0.628609825
4.147621179,-3.103473701
-0.429240394,0.555086016
-0.412889682,0.044809929
-0.601237654,0.208049817
-0.388611944,-2.736232847
0.238449184,0.074224791
-0.500165174,0.836992854
-0.114949972,0.344473091
0.055936198,-0.337851572
0.228081806,-0.472435099
0.055360255,-2.059448787
1.950391727,-2.569575011
-3.896352285,-0.681982684
1.404591633,2.599598337
0.03174524,-0.110695249
-0.248051167,-0.037402491
-0.436815316,-0.52887695
-0.663761902,-0.322085807
-0.775214673,0.208659411
-4.49198004,-1.597021741
0.653303012,0.224808396
-0.345509907,-1.102752678
-0.366908363,-0.266218829
0.065786984,-0.702780024
0.001176632,-0.751325182
0.677802064,0.312662589
-0.506292963,0.122492604
-0.184590919,-0.119689589
0.456600962,1.105652167
0.857025735,-0.383974296
-0.302708874,0.914007671
0.071880156,0.06511049
0.29493991,-0.181929405
0.820894154,-0.66264664
0.634896431,2.906686336
-0.7224701,-0.605271497
-4.11815973,0.173132977
0.900722234,-0.159372427
0.230734439,-0.023240578
-0.252670361,-1.009140934
-0.529285949,-0.254502919
-0.311957311,-2.139274901
0.069047206,0.256270742
0.534896196,0.797702084
1.499904291,-2.163955434
0.161102541,-0.687397194
0.207045677,-0.253617231
-4.110112755,1.198149979
-0.369700473,-0.256406041
-0.047935725,0.197718482
0.534365429,-0.116933205
0.235216572,0.155723536
-0.320362862,-0.567155797
0.096491135,-0.39893055
0.097534849,-0.890781428
0.868383522,0.254326744
0.267493816,-0.047979649
0.137258179,-0.445457541
-0.018298646,-0.042111648
-0.999633796,-0.089185552
0.275394307,0.297711578
-0.333861595,-0.00577776
0.380518863,0.060837508
-0.582224227,-0.63925692
0.994192696,2.531327284
-0.605427819,-0.196866856
0.270061513,1.145233535
0.37949791,0.276490006
-0.127286887,-0.120812866
-0.034365388,-0.11565965
0.012186049,-0.008369144
-0.087146067,-0.577896239
-0.236895231,-0.679660062
-0.563412904,-0.365338876
3.533131215,-1.129623572
-0.478573737,-0.67421216
-0.002512415,0.485793849
0.31717012,0.535303027
-0.276821195,0.16812701
-0.520299615,-0.157801562
0.005128908,0.900724604
0.050282102,-0.477471379
-0.403280387,-0.587061815
0.220000419,0.237735052
0.088446223,-0.544007271
-0.563294713,-0.47690221
0.075987599,-0.111136365
-0.16689548,-0.010064552
-0.953790927,0.141368527
0.288467299,0.409176865
0.075409103,-0.127735393
0.263694264,0.503351962
0.229557973,-0.206172724
0.454594248,0.040359945
-0.472223128,-0.205024847
-0.119792533,0.710114406
-0.322459319,0.006575017
-1.00594016,0.294851803
0.536929266,1.219341998
-0.987834487,-2.815025037
0.321657233,-0.785311704
-0.819211813,-0.888194308
0.056368971,0.328633845
-0.094044869,-0.517873863
-0.919336463,0.656541295
-1.131830151,0.18750996
0.489368992,1.1204466
-0.200648903,-0.158327648
-0.922703609,-1.299461128
0.076644235,0.347064354
0.043226262,0.123853189
-0.381557898,0.759241463
2.933660909,3.940581786
0.075950265,-0.288612812
0.552825588,0.453901305
-2.372737456,-1.116740974
1.114986956,-0.094809215
-0.170346172,-0.631586456
-0.606761801,-0.601444162
0.221801998,-0.104849196
0.976990688,1.843041286
-0.968139903,0.094389298
-0.667129236,-0.673358753
-0.705411657,0.082456365
-0.257878273,0.631965101
-0.273229566,-0.373930836
-0.627533948,-0.00651688
-0.38442458,-0.584547874
0.264471809,0.123073894
-0.084107111,0.188955051
-0.792926288,0.515659552
-0.041823444,0.963277318
0.316766951,-0.304407559
0.509742616,0.821404617
-0.483465544,-0.865865673
-0.34998426,-0.019121811
-0.165505302,0.225144415
0.468064574,0.339190049
-0.252909441,0.693579882
-0.030181247,-0.355520298
-0.219791775,-0.71827068
0.053326147,0.75950164
-0.178404636,-1.126123429
1.348112026,-0.036962333
-0.484041059,0.238534046
-1.870050319,0.486788398
-0.255423649,-0.726814938
-0.125461198,-0.888102512
-0.286553223,1.590510429
0.611482381,-0.165654318
-0.022807141,0.185977776
-1.291398316,-0.576975182
-0.723288945,-0.791342821
0.308746941,0.481111191
-1.808899382,0.408836616
0.855418291,0.707207521
2.73105385,-0.523276695
0.040222588,0.137249539
0.345769376,0.347374572
0.021197182,0.115394093
-0.88403899,-0.161690303
-0.125621224,-0.191417436
-0.207615698,-0.336832086
0.495454587,-0.093354556
-0.439580314,-0.115550804
0.225570395,0.300083439
-1.659027559,0.891254555
0.09916353,0.594989025
0.205300896,0.240484925
0.357891742,0.079333774
0.16915777,0.723396037
-0.356904909,0.666776081
-0.140223891,-0.590142803
0.572276768,-0.009383528
-0.264570571,0.20158215
-0.262469711,0.137208498
-0.030418236,0.393649035
-1.508985328,1.748643377
0.889779542,-0.015286222
0.397638033,-0.281093095
-0.578091216,0.390599051
0.47123406,-0.133797373
-0.030871651,-0.223418127
-1.025011939,-0.142618517
0.62064961,-0.077948993
0.049188953,0.190708127
0.062072219,-0.356951855
0.271305392,0.357969447
-0.009529107,0.102828337
-0.079614772,0.578970265
-0.240016828,0.914387715
-0.776340271,1.055076762
0.124610417,0.392079253
-0.588814481,-0.57009815
0.791135342,-0.192219048
0.223512078,0.052859998
-0.228820297,0.185905541
0.217403979,0.27004723
0.203328623,0.241735863
0.752876619,-0.297766937
-0.040774257,-0.276530956
0.050290604,0.269580637
-0.117269017,-0.431677791
0.221931616,0.166837164
-0.383132817,0.732575443
-1.697685682,1.499499438
-0.984291642,2.718092148
0.169427081,0.389001772
-1.626905062,-0.683234868
-0.503777438,0.283434686
-0.265996905,-0.478129211
-0.223495649,1.034737696
-0.639567653,-0.521396873
0.50504539,0.042851046
0.354429788,0.211409287
0.180980355,-0.146356048
-0.2330808,-0.28363257
-0.968510704,-0.074742006
-3.671914756,-2.192307245
0.524440258,0.284305416
0.685494503,-0.254921621
0.397220824,-0.324808243
-0.709592754,0.151725966
0.255437411,0.657077217
0.443146597,-0.027629498
0.440518571,0.357604242
0.220889858,-0.541480143
-0.352350138,0.471630362
-0.244972662,0.151641879
0.169682982,-0.156024598
-0.109622076,-0.223232396
0.438363387,-0.913455689
0.122809466,-0.982730501
5.901591373,-3.850136278
2.822832832,-2.609604697
-0.490949847,-0.681538834
0.409976554,0.53071748
0.320474223,0.463345613
0.006619884,-0.060972464
0.869436339,0.497197196
0.014084937,0.98918635
-0.459259538,0.912942876
0.217961094,-0.443926198
1.862688198,1.476588565
-0.144093266,0.629098468
1.831373428,0.726652389
5.440170419,-3.227567796
0.332983573,-1.267277231
0.077368285,-0.438930638
-0.109770514,-0.54201831
0.65189385,0.128617659
0.09405676,-0.126188984
0.015546966,-0.327310519
-0.258086224,-0.371382199
-0.971728426,0.254149593
-0.909205353,0.885828334
0.043765735,0.469373438
0.301081745,0.436636524
0.957114849,-0.832978038
4.030618937,-1.967189583
-0.312914241,-0.267791855
0.432218099,-0.37108251
-0.57095071,-0.655485185
-0.902625844,0.415193003
0.486267895,1.066934124
0.033817115,-0.231510877
-0.484556133,-0.009186865
-0.379747745,-0.125378338
0.38544272,-0.522409127
0.522244725,0.816674531
-0.686521275,-0.533871006
1.485079709,1.547962337
-0.505887042,0.042484069
-0.224082681,-0.324668964
-0.077753772,0.023180708
0.41632537,0.163533105
1.173323515,-0.639580554
0.258253722,0.204647498
1.890547175,-2.30186484
-0.012163062,-0.369015455
0.301353828,-0.297324885
0.460704199,0.230407239
0.505723946,-0.451845465
0.020541113,0.29673296
0.787653439,0.424557606
0.373406916,-0.318719602
-0.340403552,0.542373788
0.069913299,0.869428604
-0.126608684,0.549136529
-0.686537276,0.50755988
-0.697420096,0.397774776
0.560232075,-0.564938615
0.948091114,-0.399893069
-0.343918806,-0.607038702
0.50833856,-0.165354538
-0.393516369,-0.292385468
-0.470204499,-0.158131526
-0.539671583,-0.057112776
-0.332321836,1.135029396
0.016544876,-0.42708063
-0.425723199,-0.169091634
-0.649343361,0.638037673
-0.455884242,0.560953674
-0.365436793,-0.820851614
0.324914817,0.217394403
-0.545516489,-0.063427936
-0.326380725,-0.729470365
-0.369697651,-0.187979983
0.409419686,0.070247954
0.778505021,0.442013599
0.246870889,-0.05805197
-0.816317263,-0.783883862
0.570823973,0.637077514
0.744126097,0.947944588
-0.06685078,0.538871903
0.394753773,0.078087529
0.339783933,-0.211894124
0.898459261,-0.102169468
1.880215738,-0.32678069
0.264034961,1.580043754
1.22060808,-0.008642543
0.143006263,0.489283649
2.171491375,-0.386124682
-0.666105827,-0.984312345
0.114709004,0.207202938
-0.367647859,-0.31699433
0.655098259,0.045718417
-1.156886557,-0.421285851
0.230107386,-0.199583446
0.425265342,-0.419562095
-0.103487237,-0.28165468
-0.902968131,-0.009661396
0.527088954,0.475416849
-0.791469199,0.30518969
-0.109709908,-0.120142191
0.716871923,-0.28430862
0.756719935,0.646035543
0.471523044,-1.369838584
0.03633895,-0.102917013
2.887039821,0.877578669
0.468945686,-0.426619242
1.232698248,-0.29327886
-0.4779725,-0.172990888
-0.40668213,-0.733212164
0.513248702,-0.88611556
1.880910718,0.549876313
-0.298658034,-0.118960865
0.929675636,-0.537757317
-3.978572851,1.790292647
-0.146169338,-0.096768556
-0.842864025,0.058737494
-1.254990697,4.160410668
-0.061824813,0.252484991
-0.282748903,0.238015692
0.574443342,0.139203264
0.362877672,1.331363357
1.226498198,-0.93681717
-0.597493403,-0.250204834
1.900830107,1.157585317
-0.386596255,-0.744966504
0.169112737,0.325890631
-0.171246095,-0.499715008
0.406968955,-0.297165986
-0.092526836,-0.403824244
0.190924337,0.245126543
0.208526944,-0.303933974
0.053563924,0.094060748
-0.7005986,0.231346438
0.601641055,-0.372931164
-0.66136656,-0.2241414
-0.229813221,0.001791603
0.283272658,0.073152223
0.105661514,-0.101197131
-0.005567814,0.672037187
0.16153834,2.591362309
0.073717201,-0.488732439
0.208926852,-0.020009363
-0.614047416,0.755932653
-0.416093017,0.08616957
-0.199724515,0.185027944
-0.701165266,-0.153534243
-0.324136275,0.003612916
0.550315708,0.212367908
0.263390853,0.050530422
-1.330010959,-0.475456417
0.188212766,-0.549700395
0.104903465,-0.328829002
0.013123309,-0.05716758
0.114638535,-1.582309557
-0.573823853,0.071490136
0.278484158,-0.868120902
0.196722215,0.143259135
-0.490550808,0.082591534
-0.176683444,0.371475488
-0.3261468,-0.260594656
-0.378246764,0.150757029
-0.198061599,1.127141849
-0.233746587,-0.43124665
0.222390681,0.511196161
-0.685285959,0.155282355
0.149119087,0.663192948
-0.582110672,0.12836472
-0.429103002,-0.650398887
-0.488447693,-0.294789961
-0.312483618,-0.370856207
-0.259339344,-0.141698887
-0.91908837,0.326518642
-0.573000213,0.023533047
-0.38861678,-0.66418919
0.072021786,0.727136753
-0.878010482,-0.731662722
1.004609281,-0.244907366
-0.663380364,1.808090631
-0.133873899,0.106588132
0.539098652,-1.279592333
-0.15000333,0.437754577
0.377697848,0.433703706
-0.348163327,-0.14519855
0.375241269,-0.382201014
0.208862729,0.129191813
-0.390742329,0.298929939
-2.683732238,0.437199518
0.470458807,0.20260204
-0.17676819,0.031741842
1.690450851,4.906457988
0.091714323,0.143957716
0.12105898,-0.444360129
-0.552308299,-0.015468129
0.646705213,0.584539483
0.275736773,-0.406258023
-0.081627474,-0.043227641
-0.363620941,0.425704336
0.144560253,0.20643541
-0.001482376,-0.888521803
0.123324478,0.303996255
0.299893552,3.383011906
-0.486136918,-0.02546739
0.975880506,0.619970275
0.025787471,0.433638314
0.622973128,-0.718320332
-0.223957419,-0.099357531
-0.170839049,0.012145457
-0.343525201,-0.007791002
0.169452063,1.010521781
0.773335919,0.107203007
-0.264434927,0.086855926
-0.791247239,1.121800947
-0.071343856,-0.61381821
0.570229837,-0.593191
0.366797434,1.005932132
-0.081709221,0.411777746
0.1797522,-0.072283408
1.005621593,-0.117751657
0.549290824,-0.063533581
0.065490853,0.833579609
0.169529628,-0.294816021
1.114686968,1.557674553
-0.392833196,-0.281125813
0.106740024,-0.604286827
0.104924739,-0.6203123
0.537801642,0.1917014
0.223556595,1.268457099
-0.32734394,-0.396556191
0.218093548,0.785731526
0.151170612,-0.403117853
-0.314490354,0.535036256
0.146435365,-0.598165917
0.219815259,-0.256705231
0.824067466,0.082113878
-1.774683736,-1.880609579
0.432762595,0.637022269
0.538657441,0.405544838
0.64854081,-0.412073634
0.63990601,-0.442983241
-0.022022449,0.979781003
-0.459556722,0.096376925
-0.014341619,0.841728974
0.628872109,-1.04331749
-0.130822723,-0.091122392
-0.768459942,-0.281127415
0.307039685,0.461103336
-0.360531998,-0.970441214
2.499761621,0.976832159
-0.299326968,-0.557948493
-0.231394394,1.52480046
1.060481203,-0.416145304
-0.043664094,-0.27698237
0.013754851,1.116008195
0.122305181,-0.389961624
-0.52240816,0.394952471
0.077896965,0.760001759
-0.528920162,-0.234611138
2.48857659,-0.223446087
-0.169341093,1.017381272
0.103514386,0.377493539
0.761373678,-1.92690198
-0.114209808,0.32889419
0.491163492,0.518722398
-0.288621776,0.598564226
0.005092759,1.099148169
-0.796919754,0.509186548
-2.353295267,1.942402879
-0.474022922,0.717562946
-0.028734759,-0.195608526
-0.257599185,0.539608388
-0.899885591,-0.552345074
-0.448203442,0.693590718
-0.737580242,0.505346858
-3.921737182,-2.283416915
0.285394265,0.771398169
0.756664041,0.276566032
0.154851795,-0.670852472
-0.255463091,0.38736416
0.004313949,0.263502104
0.070405326,0.236744131
-0.292187638,0.18279573
0.468199272,-0.262820297
0.215385567,-0.074945796
0.123383012,0.76297878
-0.041171823,-0.239811508
-0.019641409,-0.584046749
0.373594167,-0.594472478
0.135585092,-0.400748443
0.331684583,-0.518940653
-0.219178083,-0.371576241
0.102543313,0.580766902
-0.189089023,0.426444549
0.498254026,-0.274068734
-0.386385941,0.4410283
-0.138012871,-1.175576409
-0.503279532,-1.071654033
0.142332076,-0.73661694
0.471636869,0.150239186
-0.549208429,0.344860431
3.657216675,1.157803835
0.234192617,0.867939499
0.245546905,-0.182696353
0.066589943,-0.270839174
-0.785875369,-0.01392419
0.761885599,-0.0286406
-0.154401455,0.099336485
0.696259225,0.518792834
0.31125957,-0.315595971
-0.504562016,-0.682776363
-0.235589921,-0.170042265
-0.343649519,-0.058737273
-0.589578965,0.650714036
0.671176846,0.098926655
-0.52797968,0.290466294
0.406726123,0.236645297
-0.666671139,0.183892005
1.567653834,1.6862159
2.626473785,1.666350567
-1.701802961,0.876733967
0.435879248,0.187250144
-0.196801462,0.080895344
-0.191014684,-0.016307083
0.284806469,-0.137149732
-1.212798399,-1.817347374
2.002316242,-1.956103144
-0.694116749,-1.287601313
0.353579015,0.596707293
0.019454353,0.313282125
0.167272123,0.078948144
-0.42082686,0.230310184
0.549829798,0.327631865
0.165097155,2.81240147
0.360515961,1.1496902
0.652386593,-0.04661885
0.332794643,0.00180815
-0.825189198,-1.269255563
-0.392590263,-0.753285105
0.142157259,0.207700313
-0.599758974,-0.039517339
0.368205702,-0.193001681
-0.478579049,0.506986077
-0.227912674,0.713079376
0.07767489,0.273712999
-0.904071963,0.205667121
-1.659529051,-4.56923287
-0.184381768,-0.315112874
0.021997756,-0.158731109
-0.682379115,-0.010934954
-0.338213919,0.247051513
-0.024768051,0.118699425
2.130956186,-2.802640336
-0.33002816,0.087909477
-0.38261288,-0.038819871
0.996021677,-1.503709999
0.037293203,-0.538549535
2.144408857,4.47292669
-0.370527767,0.030004533
-0.207500836,-0.426564312
0.176346137,0.128179011
-0.227040181,0.042975987
0.125226773,0.319456293
-0.224504379,-0.696936178
1.13412762,2.619097844
-0.5910517,-0.358089029
-0.517121421,0.340797259
0.634882375,-0.354927091
-0.381180768,-0.723470167
-0.101807509,0.21414613
-0.260963809,-0.796097513
0.468397608,0.38516544
0.144155076,-0.189368224
0.599093547,-0.168325041
0.364545281,0.064491455
-0.424160261,-0.162834734
0.212498757,-0.389775704
-0.329276483,-0.257116983
